Durationinseconds,ResponseId,ProlificID,Age,Gender,HL,Ethnicity,Ethnicity_Other,Education,Income,DTI_1PFD,DTI_2DB,DTI_3PLT,DTI_4PFD,DTI_5DB,DTI_6PLT,DTI_7PFD,DTI_8DB,DTI_9PLT,DTI_10PFD,DTI_11DB,DTI_12PLT,DTI_13PFD,DTI_14DB,DTI_15PLT,DES_1CPN,DES_2NPS,DES_3NPS,DES_4NPS,DES_5CPN,DES_6CPN,DES_7PNS,DES_8CPN,DES_9CPN,DES_10PNS,DES_11PNS,DES_12CPN,DES_13PNS,DES_14NPS,DES_15NPS,DES_16CPN,DES_17PNS,DES_18PNS,DSS_1BC,DSS_2C,DSS_3BC,DSS_4CC,DSS_5BC,DSS_6C,DSS_7CC,DSS_8CC,DSS_9CC,DSS_10BC,DSS_11BC,DSS_12C,DSS_13CC,DSS_14CC,DSS_15C,DSS_16BC,DSS_17BC,DSS_18CC,DSS_19CC,DSS_20C,DSS_21CC,DSS_22C,DSS_23BC,DSS_24C,DSS_25C,DSS_26C,DSS_27C,DSS_28C,DSS_29CC,DSS_30CC,DSS_31C,DSS_32C,Situationdescrip,Situationrating_P,Situationrating_N,PROLIFIC_PID
597,R_2fKi57kWlZB2qvq,6111e01b6c1a3939740b40fd,20,Other,No,White/Caucasian, ,High school (or GED),"$45,000 - 54,999",2,1,4,1,1,1,2,2,4,2,1,2,4,2,2,7,6,6,6,6,6,6,6,6,6,6,6,6,6,3,6,6,3,7,2,3,7,6,6,6,7,6,3,7,5,6,5,6,6,6,4,6,5,5,6,6,6,1,7,2,3,6,5,2,5,I was exposed to Covid through a coworker and had to get a rapid test.,1,3,6111e01b6c1a3939740b40fd
775,R_wNMr7UvdgkWXDkR,61466a2baa867eebf3ac1122,32,Female,Yes,White/Caucasian, ,High school (or GED),"$25,000 - 34,999",5,1,5,5,1,5,5,3,5,5,4,5,5,1,4,5,7,7,7,5,6,6,5,6,7,7,6,6,7,5,7,5,5,3,1,2,2,2,3,3,2,3,3,2,3,3,2,5,2,2,3,4,3,2,2,2,3,5,3,5,1,2,3,3,4,"My 14 month old woke up with a runny/stuffy nose and a mild cough, I was worried I had exposed him to COVID since I've been going back to the gym.",0,8,61466a2baa867eebf3ac1122
223,R_3CI8i6odvg4IWmS,61002034ad5133a9d7d95322,30,Female,No,White/Caucasian, ,High school (or GED),"$85,000 +",4,2,5,5,2,4,4,3,5,5,3,5,4,2,5,6,6,6,6,2,6,6,7,6,6,6,6,6,6,2,7,6,2,5,6,4,4,6,6,6,4,4,6,2,6,6,6,6,5,2,6,6,2,2,6,7,4,4,3,6,2,5,7,6,7,My child is home on quarantine due to being in contact with a positive COVID kid.,5,7,61002034ad5133a9d7d95322
375,R_1lcnBGWLZsd5O2Z,60ff0125c29761ed59b96562,25,Male,No,White/Caucasian, ,Bachelor's degree,"$85,000 +",5,6,6,5,6,5,5,5,4,4,5,4,4,4,4,6,6,6,6,3,6,6,6,6,6,6,5,6,5,4,6,6,4,1,4,3,3,1,5,3,3,3,5,2,4,3,3,3,3,3,3,3,2,2,2,2,2,1,3,4,2,3,2,2,2,"My parents refuse to get vaccinated and i fear for their health. Neither of them are in good health already and if they were to contract COVID, i would fear for their life.",3,8,60ff0125c29761ed59b96562
545,R_TedHGf7mM09GcNz,5e7e11234a5c604a62e12fd7,28,Female,No,White/Caucasian, ,Master's degree,"$85,000 +",2,1,2,2,1,1,4,1,1,1,1,1,5,1,1,7,7,7,7,6,7,7,7,7,7,7,7,7,7,1,7,7,1,3,2,6,5,2,5,3,2,2,1,2,6,1,1,5,3,1,1,6,2,3,4,1,7,2,2,1,5,3,2,2,1,Being ready to stop wearing masks in most settings,9,3,5e7e11234a5c604a62e12fd7
369,R_rclZaw1xgq9782Z,61bb39ab40db417c1a138ec1,28,Female,No,White/Caucasian, ,Master's degree,"$85,000 +",5,2,3,3,1,4,5,3,4,3,2,4,4,1,5,6,6,6,6,6,7,6,6,6,6,6,6,6,4,7,6,6,7,5,6,3,7,4,6,3,3,1,2,4,5,3,2,5,3,2,3,6,5,2,5,1,5,6,3,4,3,3,5,4,7,"The mask mandate being lifted in my state, masks are now optional and we have an internal dilemma on what is right or wrong.",3,7,61bb39ab40db417c1a138ec1
162,R_yQQxWLESvAuK9LX,5e69be2cd02ab2027bff5108,23,Female,No,Black/African-American, ,Bachelor's degree,"$25,000 - 34,999",3,2,4,4,2,2,5,2,6,6,2,5,5,3,6,6,5,6,6,5,5,5,6,6,6,6,6,6,5,6,6,7,6,3,6,3,5,4,5,3,2,1,6,2,5,6,3,3,5,2,3,3,6,3,5,2,3,4,5,4,2,2,6,5,6,a friend of mine got covid,0,9,5e69be2cd02ab2027bff5108
984,R_efBdL4Yvkd5x8Sl,5be9d049e1b58b0001e13001,27,Male,No,White/Caucasian, ,Bachelor's degree,"$25,000 - 34,999",3,1,5,4,1,2,2,1,4,4,1,4,4,1,5,6,6,6,6,6,6,6,6,6,6,6,6,6,6,3,6,6,3,2,5,5,5,5,4,3,5,3,5,5,5,5,2,2,5,3,6,5,6,5,3,2,3,6,2,5,2,3,3,2,6,I have to wear a face mask at all times when traveling in my country.,7,3,5be9d049e1b58b0001e13001
407,R_247S3iGHmOlUipl,61f2ab58a09e72f23cbaf377,23,Female,No,White/Caucasian, ,Bachelor's degree,"$0 - 14,999",3,2,4,3,2,4,3,4,5,4,3,5,5,2,4,5,6,5,6,6,6,5,6,6,5,7,6,6,6,4,6,6,6,5,2,3,3,5,5,5,4,5,5,3,5,5,5,4,4,3,6,6,6,5,7,2,4,7,3,4,3,6,3,3,5,Having to stay home or change plans on nights that would usually be big nights like birthdays or new years.,3,6,61f2ab58a09e72f23cbaf377
564,R_3KwLKjkbD8csl8K,6155db00c1ddd261574dce05,53,Male,No,White/Caucasian, ,Bachelor's degree,"$85,000 +",4,2,3,4,1,5,5,2,3,4,2,3,4,2,5,5,6,6,6,6,6,6,6,6,6,6,6,6,6,6,6,6,5,2,2,3,3,3,4,3,3,5,6,6,4,5,2,5,2,3,4,5,5,3,5,2,3,5,2,5,2,2,2,4,5,"What to do with my children in school, and the constant threat that a positive COVID test could halt the normality of life, as much as things can be normal now. My family has all its vaccines and is boosted, but the rules still dictate for quarantine when it does seem, at this time, to be a reach. If you aren't smart enough to get a vaccine, why do I need to accommodate your stupidity?",2,8,6155db00c1ddd261574dce05
882,R_1lnQdRQSRatR2S4,5fd2defab54f2910f0e15a99,24,Male,No,White/Caucasian, ,Bachelor's degree,"$25,000 - 34,999",2,2,4,4,2,5,4,4,4,4,4,5,5,2,4,5,5,4,5,4,5,4,5,5,5,5,5,5,5,4,5,5,4,3,2,4,5,4,2,3,1,1,4,2,2,4,2,1,1,1,1,4,4,1,1,1,3,3,7,2,2,2,2,2,4,I need to wear a mask at work no matter the vaccination status.,3,9,5fd2defab54f2910f0e15a99
573,R_2t50x7N6OFuXCBE,61003dd46e7798e7469ec589,27,Female,No,White/Caucasian, ,High school (or GED),"$55,000 - 64,999",5,4,5,5,4,5,4,4,4,5,4,4,5,3,5,6,7,6,7,6,6,6,6,6,5,5,5,6,6,6,6,5,5,3,5,2,6,3,5,3,2,3,5,3,5,6,2,5,3,2,6,5,3,5,6,4,4,3,3,4,2,3,5,5,6,The cost of good rising making it difficult to afford certain amenities.,1,10,61003dd46e7798e7469ec589
393,R_5gKdWGMVUdetcid,5dcc938a547c1f92e47d9800, ,Female,No,White/Caucasian, ,"Advanced degree (e.g. PhD, MD, JD)","$85,000 +",4,2,4,4,2,3,4,2,4,3,2,4,5,1,4,6,7,7,7,5,6,6,7,6,6,7,5,6,6,6,6,7,5,1,5,3,4,3,5,3,3,2,3,2,6,2,2,3,3,3,3,3,5,3,5,3,3,4,4,3,5,3,3,3,5,"My daughter is going to get open heart surgery soon. She is too young to be vaccinated and if she gets covid before surgery the surgery will be delayed, and she will likely have to be hospitalized. My state recently lifted mask mandates, which means people aren’t wearing masks in grocery stores anymore. We now have to get our groceries delivered because I can’t risk transmission in the store.",0,10,5dcc938a547c1f92e47d9800
561,R_0SATKYuaAz5nIPL,61743e225681c2932a38ba85,40,Female,No,White/Caucasian, ,Bachelor's degree,"$75,000 - 84,999",4,1,3,3,1,2,5,1,1,1,1,1,1,1,4,6,7,7,7,4,6,5,6,6,6,6,7,7,5,4,6,6,4,6,5,3,2,5,4,4,4,3,6,5,3,5,2,2,2,1,4,6,4,4,4,4,3,6,2,4,3,6,5,5,5,My children's  schooling has become more difficult for them.,2,8,61743e225681c2932a38ba85
1078,R_1XNtlvORU9axPzP,610770fe1ef74933ffd39cd2,18,Female,Yes,American Indian or Alaskan Native, ,High school (or GED),"$35,000 - 44,999",6,1,4,5,1,4,4,1,5,4,2,4,5,1,3,7,7,7,7,6,7,7,7,7,7,6,7,7,7,5,7,6,5,5,4,2,6,6,5,5,5,6,6,7,6,6,3,4,6,3,5,5,6,6,3,6,5,5,6,5,3,4,3,6,6,Had to stay home from work because of roommates positive test; rent was late the next month,7,4,610770fe1ef74933ffd39cd2
753,R_eqy0Io4yZ1cbiDL,60ff2f1eeab3a0334dee26d8,25,Female,No,White/Caucasian, ,Bachelor's degree,"$15,000 - 24,999",4,2,5,4,2,2,3,2,4,4,2,4,6,2,4,6,7,7,7,6,6,7,7,7,7,7,7,7,7,6,7,7,5,3,4,5,6,2,4,2,2,2,2,2,6,6,2,4,2,2,2,6,6,5,6,2,4,3,1,3,4,3,2,3,6,I have been having to wear masks for my job and my job has to do with working with baby and kids and the children are not allowed to see my face so I can not show my emotions to the children to help teach them emotions which can feel sad,1,6,60ff2f1eeab3a0334dee26d8
453,R_3QOjfwcfho3HUkx,60fdba29b052ac0601a52873,20,Female,No,White/Caucasian, ,High school (or GED),"$25,000 - 34,999",4,2,5,2,2,4,4,2,4,4,3,2,5,1,4,5,7,6,6,5,7,5,6,7,5,5,6,5,6,5,6,5,5,5,2,2,5,5,3,5,2,3,3,3,3,3,2,3,6,2,2,3,3,3,3,5,3,5,6,3,2,3,2,3,3,I am having to wait to see a doctor because their COVID policy states that patients cannot schedule appointments if they have traveled out of state in the last 2 weeks.,1,9,60fdba29b052ac0601a52873
258,R_ZwbLIg8v4EBgJmp,60fce82dcee3e00efd24aa4c,29,Female,No,White/Caucasian, ,High school (or GED),"$0 - 14,999",4,2,4,4,2,3,4,4,5,3,3,4,5,2,4,6,5,6,6,5,6,6,5,5,5,5,5,6,5,3,6,5,3,6,5,3,3,5,4,5,4,5,5,3,6,5,5,3,3,4,5,5,3,4,3,5,3,6,5,5,3,3,5,2,4,Not working to stay home with my child,7,2,60fce82dcee3e00efd24aa4c
301,R_1LOIwXp6AhL0VNW,6107817517a57bfa323f931f,21,Other,No,Asian, ,High school (or GED),"$45,000 - 54,999",4,2,4,4,2,2,4,1,4,4,1,2,5,1,4,7,7,7,7,5,5,6,4,5,6,7,7,6,7,7,5,6,2,7,4,2,3,5,6,6,5,3,4,6,3,2,1,5,3,3,5,6,6,2,6,2,5,7,7,5,3,3,3,6,7,As a result of COVID many pre-med opportunities for college students are on hold or are really hard to obtain because we as undergraduates are not always allowed to go into the hospital to shadow or volunteer. It's made applying a lot more stressful and feels unfair because each region and state have their own rules regarding COVID.,0,10,6107817517a57bfa323f931f
293,R_1d4RHjfIl6KIM0c,56bfba439f7a1e000afdcba9,31,Female,No,White/Caucasian, ,Master's degree,"$65,000 - 74,999",4,1,5,5,1,5,6,4,5,5,4,5,5,2,3,5,6,6,6,6,6,6,6,6,6,6,5,6,6,4,6,6,5,5,3,5,3,5,6,2,3,3,5,4,3,3,3,5,3,2,3,3,5,2,3,5,3,3,5,2,2,4,3,5,3,I thought I had covid recently but I'm fully vaccinated,1,5,56bfba439f7a1e000afdcba9
476,R_2TwbMDhfcK3giYF,5dd7b300a71de875640dc574,48,Male,No,White/Caucasian, ,Bachelor's degree,"$65,000 - 74,999",5,2,5,5,3,5,6,2,5,5,3,5,5,2,5,6,6,6,6,6,7,6,6,7,6,7,7,7,6,5,6,6,4,5,4,2,1,5,5,4,2,2,6,4,2,5,2,2,3,3,5,3,3,1,3,2,2,3,2,4,2,3,2,3,5,My brother had to cancel plans for everyone to go to his house for a party after everyone in his family caught covid.,3,7,5dd7b300a71de875640dc574
1711,R_3Dp5ofZN41n1xFe,60fd97d86c2495cd7188ec41,19,Female,No,White/Caucasian, ,High school (or GED),"$65,000 - 74,999",3,2,4,3,2,2,3,3,4,4,3,3,4,2,4,6,6,6,6,6,6,5,6,6,5,4,6,5,6,6,6,6,5,2,2,5,5,2,4,4,2,3,4,4,3,2,2,2,2,2,2,5,3,2,2,2,2,3,4,4,2,2,2,2,5,There is still a mask mandate at my university.,1,7,60fd97d86c2495cd7188ec41
1072,R_29dbFzOjl2nxKhL,5f11e7b491d5a10d15a7dd71,32,Female,No,White/Caucasian, ,High school (or GED),"$55,000 - 64,999",3,1,5,5,1,5,5,2,4,4,2,3,5,1,5,6,6,6,6,6,6,6,6,6,6,4,6,6,3,6,6,5,3,6,3,1,7,4,5,5,5,5,2,3,5,2,2,5,4,3,4,2,5,5,6,2,5,5,5,2,3,3,6,6,7,"My father is working from home due to Covid, and it is both very difficult for him to do his job remotely and also very difficult for me and the rest of my family to grow accustomed to his newfound constant presence.",0,4,5f11e7b491d5a10d15a7dd71
554,R_2RVe2KHemJlgAcU,5f406d14ce2acb1ab60f648c,19,Female,No,White/Caucasian, ,High school (or GED),"$85,000 +",3,1,4,4,1,3,5,4,5,4,3,2,4,2,4,7,7,7,7,7,6,7,7,7,7,7,7,7,7,6,7,7,2,1,2,6,6,2,2,3,2,3,2,6,2,5,2,2,2,2,3,6,6,3,6,2,6,3,2,3,3,2,6,2,3,I had to delay moving to college for my freshman year.,2,8,5f406d14ce2acb1ab60f648c
352,R_RXM0qYW9MgsLM7T,5f4688eb586c80000810373a,27,Male,Yes,White/Caucasian, ,High school (or GED),"$25,000 - 34,999",5,3,5,5,2,3,2,2,5,5,4,4,4,2,4,6,6,6,6,6,5,6,6,6,5,4,4,5,4,4,6,5,6,6,3,5,6,4,3,6,5,4,3,5,5,5,4,3,4,4,4,3,5,6,6,5,6,4,6,6,2,2,2,2,3,I recently had Covid and felt like dying,2,7,5f4688eb586c80000810373a
375,R_3ek4jDEuokP4MWB,60fdd471f223537a577806d5,23,Female,No,White/Caucasian, ,Master's degree,"$0 - 14,999",6,1,5,5,1,5,5,1,4,4,5,4,5,2,6,6,6,6,6,5,5,6,5,5,7,6,5,7,5,3,4,6,4,2,2,3,5,3,2,1,2,2,4,2,2,2,1,2,2,2,1,1,2,2,2,2,2,2,2,5,1,1,2,3,5,"I am currently 20 weeks pregnant with my first child, and I am more cautious with COVID than before I became pregnant.",8,3,60fdd471f223537a577806d5
441,R_eOHpkrOc4vX6Yoh,5f7d026c6fd2421d2dc1af04,35,Male,No,White/Caucasian, ,High school (or GED),"$35,000 - 44,999",3,2,3,3,2,2,3,2,3,3,2,3,4,2,3,6,6,6,6,6,6,6,6,6,6,6,6,6,6,5,6,6,5,3,5,2,6,3,4,5,4,5,4,3,5,5,4,5,5,3,5,6,6,3,6,6,3,6,5,2,2,4,5,5,6,My sister had covid last week and I am being extra careful right now.,1,9,5f7d026c6fd2421d2dc1af04
491,R_3J9rQ318zVQP1fw,5f55bbd5fc189099844bd057,26,Female,No,American Indian or Alaskan Native, ,High school (or GED),"$25,000 - 34,999",3,2,4,4,2,3,3,2,4,3,2,2,5,2,4,6,6,6,6,6,6,6,6,6,6,6,6,6,6,3,6,6,4,6,5,4,5,5,5,4,3,3,5,4,3,4,2,4,4,3,3,4,5,3,5,4,5,5,3,4,3,3,5,5,6,Some of my family members got COVID and had to isolate.,0,7,5f55bbd5fc189099844bd057
441,R_2earTnU7Z9mE2UF,60fd01ec7bbf3d712124ad4b,20,Female,No,White/Caucasian, ,High school (or GED),"$85,000 +",4,2,5,4,1,2,3,1,4,4,1,2,5,1,5,7,7,7,6,6,6,6,6,6,7,7,6,7,7,6,6,7,5,6,6,2,5,5,5,2,3,2,6,3,6,6,2,2,5,2,6,6,5,1,6,1,4,7,5,5,2,5,3,5,7,"One of my college courses was online for six weeks during the height of COVID, it has since moved back to in-person since we have less cases.",7,2,60fd01ec7bbf3d712124ad4b
383,R_2DSaCU5yPgLMSK3,61146ed2d38c517c0bf8030c,26,Male,No,White/Caucasian, ,Bachelor's degree,"$85,000 +",5,2,6,5,2,2,2,2,4,2,2,4,4,2,2,6,6,6,6,6,6,6,7,6,6,6,6,6,6,2,7,6,6,7,2,2,3,6,2,5,2,2,3,4,7,6,6,5,5,1,4,3,6,3,6,3,4,5,7,2,4,3,3,3,5,"Where I live I have to continue to wear a mask when in public spaces, it's difficult because I think we're ready as a society to continue being smart but without mandating mask-wearing.",2,8,61146ed2d38c517c0bf8030c
327,R_1C4nORGF8cUjodI,616f8c15c535fbf8605e30b3,21,Male,No,White/Caucasian, ,High school (or GED),"$65,000 - 74,999",6,1,6,6,1,6,4,1,6,6,6,1,6,1,6,7,7,7,7,4,7,7,7,7,7,7,7,7,7,1,7,7,1,1,1,1,7,5,7,3,1,1,7,1,7,7,7,7,7,1,1,7,1,7,7,7,1,1,1,7,1,1,7,4,7,We had covid a couple months ago.,0,10,616f8c15c535fbf8605e30b3
942,R_20ZkaLBYKR6H6lO,6100b6365a3b961d941f7071,22,Female,No,White/Caucasian, ,Bachelor's degree,"$75,000 - 84,999",4,2,2,2,2,3,2,1,4,3,2,2,3,2,4,6,6,6,6,6,6,6,6,6,6,6,6,6,6,5,6,6,4,5,4,2,3,4,6,2,2,2,4,2,6,3,2,5,3,3,2,5,5,2,5,3,3,4,5,4,3,2,2,3,5,"Because of COVID I have become increasingly isolated from friends and extended family due to concerns about contracting the virus and bringing it home to my parents, with whom I live.",0,9,6100b6365a3b961d941f7071
657,R_3r2EVAUoNlulome,60fdb189da718b0f48df0e3b,22,Female,No,White/Caucasian, ,High school (or GED),"$75,000 - 84,999",4,2,4,3,1,3,3,2,3,4,1,4,4,2,5,6,6,5,5,5,5,5,5,5,6,6,7,6,5,5,5,5,5,6,3,3,5,5,4,5,3,3,4,5,2,5,3,5,4,3,2,3,5,3,4,5,3,5,5,4,5,2,2,3,5,"Because of COVID, I've had to work online and at a limited capacity at my summer camp job. We had to change and adapt our whole program because of COVID and weren't able to do specific events, like field trips.",4,7,60fdb189da718b0f48df0e3b
428,R_1FmSCBIuQUNXOzo,6108201fc71dec6754919de5,43,Female,No,White/Caucasian, ,High school (or GED),"$85,000 +",4,2,4,4,2,4,4,2,4,4,3,3,3,5,4,6,6,6,6,6,6,6,6,6,6,6,5,6,6,4,6,6,4,5,3,4,6,5,4,5,4,3,3,3,4,2,2,3,3,3,3,3,5,3,5,2,2,2,2,5,2,2,2,2,3,I don't get to take my children to do the things we would like to do because my youngest isn't able to be vaccinated yet.,0,9,6108201fc71dec6754919de5
315,R_1pGdmpd2eg7w1b4,608832bd3e28d0394114ffa4,23,Female,No,White/Caucasian, ,Bachelor's degree,"$35,000 - 44,999",5,2,5,3,1,2,5,3,4,4,2,1,4,1,5,6,6,6,6,6,6,6,6,6,6,6,6,6,6,2,6,6,2,6,6,3,3,5,4,2,6,3,5,3,5,6,4,2,2,3,5,6,6,5,6,5,3,5,3,3,3,2,7,5,2,Going to the store wearing a mask because of risk of covid exposure makes my glasses fog up.,0,4,608832bd3e28d0394114ffa4
519,R_2ZWhgmZxvxsHzDZ,60fefab902f96c16ff088bf9,21,Female,Yes,White/Caucasian, ,High school (or GED),"$75,000 - 84,999",5,5,4,4,4,5,5,5,5,5,5,5,5,5,5,6,6,6,6,2,6,6,6,6,6,6,6,6,6,2,6,6,2,6,4,5,5,5,4,3,3,4,5,3,5,5,5,5,5,3,5,5,3,3,5,5,3,3,3,5,3,3,5,5,5,"it has definitely changed the world and it makes me think about stuff differently. like i will no longer not carry hand sanitizer and i won't go bowling will eating aT the same time,",6,8,60fefab902f96c16ff088bf9
477,R_3IXLX4vS4CgMbc8,5a0f7d84ff266c0001d209cc,45,Female,No,White/Caucasian, ,High school (or GED),"$0 - 14,999",5,1,6,5,1,4,5,1,6,5,2,4,5,1,4,7,7,7,7,4,7,7,5,7,7,7,4,7,7,4,7,7,3,2,4,3,2,2,4,6,2,4,2,2,4,1,1,4,1,2,5,2,7,2,6,1,4,6,2,4,2,3,2,4,5,"My grandma, who I live with, had covid two weeks ago so everyone in the house had to quarentine",2,8,5a0f7d84ff266c0001d209cc
338,R_3rSspklbFYWpWVT,6103262d40c3bb9a16ce4a6d,22,Female,No,White/Caucasian, ,Bachelor's degree,"$0 - 14,999",6,2,6,6,1,4,4,3,4,4,1,2,5,2,5,6,6,7,7,6,6,7,7,7,7,5,5,5,7,7,6,5,2,7,3,3,3,5,6,4,3,5,2,5,6,6,6,3,4,1,5,5,5,4,6,3,6,2,5,1,2,2,2,3,5,My sister is a nurse who treats COVID patients but she also does not believe in vaccines.,0,10,6103262d40c3bb9a16ce4a6d
292,R_2CwVNceXs1f2TJk,6101b725e1bb79ebc6733b16,22,Female,Yes,Other (please specify),mestizo,Bachelor's degree,"$45,000 - 54,999",4,3,4,4,3,4,3,3,4,3,3,4,5,4,4,5,6,6,6,6,6,5,7,7,5,5,5,5,4,4,4,4,4,4,5,3,4,5,5,3,3,3,4,4,5,5,4,5,5,4,4,5,4,4,3,5,4,4,6,4,4,3,4,4,4,It is difficult for me to get a job in the career I want.,0,7,6101b725e1bb79ebc6733b16
270,R_TnqXYHG3tkxhkul,60d3aa9722bb0097de874bc6,20,Male,No,White/Caucasian, ,High school (or GED),"$85,000 +",4,3,5,4,3,4,4,2,4,4,4,4,5,2,4,6,6,5,6,6,6,6,6,6,6,6,6,6,6,4,6,6,3,5,6,4,5,4,5,3,3,5,2,2,4,5,3,4,3,2,4,4,5,4,4,5,3,5,3,6,2,3,4,4,6,Having to constantly be aware of those around you and keeping distance to prevent potential exposure.,3,5,60d3aa9722bb0097de874bc6
455,R_3HB3Yokrr0Fxffd,5f02cea120393a16d40a9594,28,Male,No,Asian, ,Bachelor's degree,"$85,000 +",5,3,5,5,2,4,5,3,5,4,3,5,5,2,5,5,6,6,6,5,6,6,6,6,6,6,6,6,6,3,6,6,3,6,5,2,3,5,6,5,4,3,6,5,5,5,3,4,3,3,3,5,5,2,5,5,4,5,4,5,2,5,5,4,5,My girlfriend is a nurse and occasionally works with covid patients. We actively try to stay home and away from our friends and families as much as we can to avoid possibly spreading it,1,8,5f02cea120393a16d40a9594
365,R_2aOUkSh3ZuQhmPM,5d4f30def20feb00190b6280,35,Female,No,White/Caucasian, ,Bachelor's degree,"$85,000 +",4,1,6,6,1,4,4,1,6,5,1,6,6,1,4,7,7,7,7,1,7,7,7,7,7,7,7,7,7,6,7,7,5,5,6,1,3,5,5,3,5,5,4,5,5,3,3,6,4,4,4,3,5,3,6,2,4,5,5,7,3,1,5,5,7,My mom had covid a few weeks ago and now can't help as much with my kids because she's still feeling ongoing symptoms,3,8,5d4f30def20feb00190b6280
559,R_2woWYgpYRXBxxnP,60f85fe405d284a3650e741d,24,Male,No,White/Caucasian, ,Bachelor's degree,"$85,000 +",6,6,6,6,6,6,6,6,6,6,4,2,6,2,6,6,6,6,6,4,6,7,4,4,7,6,7,7,7,3,5,6,4,7,1,2,4,5,6,2,3,4,4,2,5,6,6,4,4,1,3,7,1,4,2,6,2,1,4,6,4,2,7,4,6,"I recently had COVID and had to work from home while recovering, making it hard to interact with my workmates",0,10,60f85fe405d284a3650e741d
262,R_ekAlUS9Dg4Lyqhb,5cf3fb5b30eedd00156bbff7,30,Female,No,White/Caucasian, ,"Advanced degree (e.g. PhD, MD, JD)","$65,000 - 74,999",2,2,5,2,2,2,3,2,4,4,1,4,4,2,3,6,6,6,6,5,6,6,6,6,6,6,6,6,6,3,6,6,4,3,5,3,5,4,5,3,3,3,3,3,6,4,4,3,2,2,5,5,6,3,5,5,4,6,5,3,5,5,3,5,6,"I am working in healthcare, so we are affected by COVID policies and regulations on a daily basis.",1,9,5cf3fb5b30eedd00156bbff7
315,R_CjpUCCH1xZ2rinL,612d384d2854531514c9be92,28,Female,No,White/Caucasian, ,"Advanced degree (e.g. PhD, MD, JD)","$45,000 - 54,999",4,1,4,4,1,1,1,1,1,1,1,1,6,1,5,7,7,7,7,7,7,7,7,7,7,7,7,7,7,6,7,7,7,3,5,2,2,4,5,5,3,3,3,3,6,3,2,4,2,2,3,5,6,2,7,2,6,6,4,1,6,5,5,5,3,"My boyfriend felt sick last week and worried quite a bit about whether or not he had COVID, but he took a test and it was negative.",6,4,612d384d2854531514c9be92
624,R_XFXg0NgWleiI8tb,5ff3b5986d65c5a24eebd036,29,Male,No,American Indian or Alaskan Native, ,Bachelor's degree,"$15,000 - 24,999",4,1,6,6,2,5,4,4,5,6,2,6,6,4,5,7,7,7,7,4,7,7,7,7,7,7,7,7,7,6,7,7,2,2,3,3,2,6,7,1,3,2,4,3,3,6,5,2,7,1,6,7,6,5,1,1,2,6,6,4,2,4,5,7,6,"My aunt had COVID and she was on oxygen for two weeks or more, as it caused her to have pneumonia.",0,8,5ff3b5986d65c5a24eebd036
418,R_WcEREFqOUmGXDEt,5c6c83247a3f1a0001d415b3,24,Female,Yes,White/Caucasian, ,Bachelor's degree,"$25,000 - 34,999",6,1,5,5,1,4,4,1,5,5,4,4,6,3,6,7,7,7,7,6,7,7,7,7,7,7,7,7,7,6,7,7,6,6,3,3,5,5,2,2,2,2,5,2,2,5,2,2,6,2,6,5,6,5,5,3,2,5,3,4,3,3,5,4,7,"My partner and I had COVID two weeks ago and had to quarantine together. I had minor COIVD symptoms while his were a bit harsher. Neither of us had to go the hospital though, thank goodness.",4,7,5c6c83247a3f1a0001d415b3
682,R_1ffl03maerx6BPE,5f39c08c4b0c7456a60d4932,54,Female,No,White/Caucasian, ,Bachelor's degree,"$65,000 - 74,999",4,2,5,3,2,3,4,2,4,4,2,4,3,2,4,6,6,6,6,6,6,6,6,6,6,6,6,6,6,5,6,6,3,6,3,3,6,5,4,3,3,3,3,3,5,5,2,2,2,2,4,5,5,5,5,4,5,5,2,5,4,3,2,3,5,I am working in person in a hospital and am exposed on a daily basis to patients who may not even know they are covid positive and who frequently wear their masks incorrectly; this is worrisome to me.,3,8,5f39c08c4b0c7456a60d4932
642,R_Ulovp3FmGBGuH0R,5de579912238364fcdf1a97d,25,Female,Yes,White/Caucasian, ,Bachelor's degree,"$85,000 +",6,2,5,5,2,3,2,5,5,4,2,5,5,6,5,5,6,6,5,2,5,7,5,6,6,6,7,6,6,5,3,6,2,5,4,5,3,3,6,2,2,3,5,2,2,6,5,6,3,2,2,5,2,2,3,6,2,6,3,5,2,2,2,2,5,I was stressed out because I was exposed to my cousin who had COVID symptoms and then later confirmed COVID positive.,0,10,5de579912238364fcdf1a97d
383,R_3j9ENliFTRrmzFc,5c696229bd58280001b4f554,48,Female,No,White/Caucasian, ,Master's degree,"$65,000 - 74,999",4,2,5,4,2,3,4,3,5,5,3,4,4,3,4,6,6,7,7,7,7,7,7,7,7,6,6,6,7,6,7,5,6,3,4,3,3,4,5,3,2,2,5,3,6,6,3,3,4,3,2,3,5,3,5,2,3,3,3,5,3,3,3,3,5,Not comfortable being in public,4,6,5c696229bd58280001b4f554
293,R_3fOufS9s1GSrR6B,57b60487e5b60d0001083aea,37,Male,No,White/Caucasian, ,High school (or GED),"$0 - 14,999",5,1,5,4,1,6,2,3,5,4,2,5,6,1,5,6,6,6,6,3,6,6,5,6,6,6,6,6,6,6,6,6,3,5,4,2,6,4,6,3,3,3,6,2,2,5,4,4,4,2,6,5,4,5,3,4,2,4,5,3,3,5,4,3,5,I have to wear a mask when I go into most stores,8,2,57b60487e5b60d0001083aea
514,R_2960MIQjNCKKGZU,60c29943af9212fdd7840b93,48,Female,No,White/Caucasian, ,Master's degree,"$55,000 - 64,999",5,1,4,6,1,4,5,1,5,5,1,4,6,2,3,6,6,6,6,6,6,6,6,6,6,6,6,6,6,6,6,6,5,6,3,3,2,5,5,5,3,3,5,3,5,5,3,4,3,3,4,5,6,2,5,5,3,6,7,6,2,3,5,6,7,My children caught covid and I wa quarantined with them.,0,10,60c29943af9212fdd7840b93
513,R_1eFgbrYVTdv1tqo,5eb944e11834e2016fa31179,20,Male,Yes,White/Caucasian, ,High school (or GED),"$0 - 14,999",5,2,5,5,2,5,4,4,5,4,3,4,5,3,4,6,6,6,6,3,6,6,6,7,6,6,6,5,6,3,6,6,3,3,5,2,3,4,5,3,3,3,4,4,5,5,4,4,3,3,4,5,5,3,5,5,2,3,2,3,3,2,5,3,5,"Because I work as a babysitter with only one family, COVID causes problems every so often when one of the children gets sick; I do not get the chance to work for a few days while the child is tested and recovers from their symptoms. Currently the entire family is sick and as a COVID precaution I have been out of work for a few days.",6,6,5eb944e11834e2016fa31179
722,R_zTsAZKtvE8KuQxP,5ffe6b8b773ec452c1d28adc,37,Male,No,White/Caucasian, ,High school (or GED),"$25,000 - 34,999",4,2,5,5,3,5,4,3,6,5,2,5,5,1,6,5,6,6,5,4,5,6,6,6,7,5,4,3,5,1,5,3,2,3,4,1,2,6,5,6,4,5,4,3,6,5,3,2,2,4,4,1,5,3,2,7,3,6,7,6,1,2,3,6,7,"I got the Johnson & Johnson COVID-19 vaccine in May of 2021. Within the last few weeks, I've been receiving voicemail messages and text messages from the state department encouraging me to get my booster shot. I still haven't gotten my booster shot, and I feel irresponsible for not doing so. I plan to get the booster dose soon.",4,6,5ffe6b8b773ec452c1d28adc
298,R_2QMAcFpcDg3sGEW,5a2111b5bf56cc000176feb5,37,Female,No,Black/African-American, ,Bachelor's degree,"$65,000 - 74,999",5,3,5,5,3,3,3,2,5,4,2,3,6,1,4,6,7,7,7,6,6,5,6,7,6,6,7,7,6,6,7,7,6,4,5,3,5,3,5,3,4,5,4,6,6,5,3,6,2,3,3,4,7,3,4,2,4,5,6,4,3,4,3,3,6,I was exposed to covid at work by one of my coworkers and I was afraid.,0,10,5a2111b5bf56cc000176feb5
418,R_uh8OVXug0c0iRMd,5bb6413cb4dca50001df0096,40,Female,No,White/Caucasian, ,Bachelor's degree,"$45,000 - 54,999",6,1,4,5,2,4,5,1,2,3,2,3,4,2,5,6,7,7,6,7,7,7,7,7,7,7,6,7,7,7,7,7,7,5,5,3,6,3,5,3,3,2,5,3,5,3,2,5,1,2,2,2,5,3,6,1,5,6,7,5,3,3,2,2,5,I have not seen my friends in a very long time because I have to work too much and my company will not hire more people- like we desperately need to. I am constantly tired and exhausted and worried about overtime but still do not make enough money to move into a new apartment.,3,8,5bb6413cb4dca50001df0096
321,R_3R4K1gSk9ElpzY8,5f4bdebfda9c147c0eff45ff,41,Female,No,White/Caucasian, ,Master's degree,"$85,000 +",4,2,5,4,2,4,4,2,5,3,2,4,4,1,5,5,5,5,5,3,5,5,6,6,5,5,6,5,5,5,6,5,5,3,3,3,3,3,5,3,3,2,3,3,4,5,4,5,3,2,3,3,5,3,5,3,2,3,3,3,3,3,2,3,3,I just tested positive for COVID despite getting boosted and taking precautions.,0,9,5f4bdebfda9c147c0eff45ff
523,R_2wLyysw00Deuda3,6136af5670f0ef22ab913d17,46,Female,Yes,Asian, ,High school (or GED),"$65,000 - 74,999",2,1,6,4,1,1,2,1,4,3,1,4,6,2,2,2,7,7,7,7,7,5,7,7,5,5,6,4,7,7,7,5,3,3,2,6,4,2,5,4,1,3,2,2,2,1,1,4,1,1,2,3,3,4,3,2,3,3,6,2,3,6,1,2,4,"I'm a kidney transplant patient and severely immunocompromised, so I've had to isolate and not be able to do what other non-disabled people are able to do.",3,10,6136af5670f0ef22ab913d17
288,R_3iUAZwneSuSuQ6d,5dd73f21e73e616e37bf44ba,36,Female,No,White/Caucasian, ,Master's degree,"$85,000 +",4,2,5,4,2,3,3,2,3,3,3,2,4,2,4,5,5,6,6,5,5,5,5,5,5,5,5,5,5,5,5,5,5,4,4,5,4,5,4,3,3,3,4,3,4,4,3,5,4,3,3,4,5,4,4,3,4,5,4,4,5,4,3,4,4,I am worried about my grandmother living in a nursing home and being exposed to covid.,0,6,5dd73f21e73e616e37bf44ba
417,R_sMsigPdfO2RqXSN,6108d2338dca54b93315a749,20,Female,No,White/Caucasian, ,High school (or GED),"$85,000 +",4,1,5,4,1,1,1,4,5,4,1,5,4,1,4,7,7,7,7,3,7,7,7,7,7,7,7,7,7,6,7,7,2,7,4,3,6,6,6,2,7,2,6,1,4,2,5,7,5,4,2,5,4,3,4,5,4,4,3,4,4,2,5,2,6,"About a month ago, I was sick with COVID. I had a bad fever and terrible back pain. I wasn't able to spend time with my family and I had to eat my meals by myself in my room.",2,8,6108d2338dca54b93315a749
340,R_24HGITIh8Hp8gDC,5c492c7167b61b000190bfe8,43,Male,No,White/Caucasian, ,High school (or GED),"$15,000 - 24,999",5,2,5,4,2,5,3,3,3,3,4,4,4,2,5,6,6,5,5,4,5,6,5,5,5,5,5,5,5,2,5,5,4,5,4,3,5,3,4,4,4,5,4,5,3,4,4,3,4,3,4,3,4,5,4,4,5,5,4,4,3,4,4,4,4,Working with someone who thinks it's fake is exhausting,1,9,5c492c7167b61b000190bfe8
638,R_ZIS59RjAH8IhEk1,60fef776764b4a937769f84e,21,Female,No,Asian, ,High school (or GED),"$0 - 14,999",4,4,4,4,4,4,3,3,4,4,3,4,4,3,4,7,7,7,7,4,5,7,6,5,5,6,6,6,6,4,6,6,2,3,5,3,3,6,6,3,3,4,5,5,7,6,6,5,6,2,5,6,5,3,5,5,3,4,5,5,2,2,5,6,7,I have been breaking out because of the mask wearing.,0,10,60fef776764b4a937769f84e
535,R_2X4cBTRAfUFpkKi,611082ee9fd766aaaf0126db,24,Female,No,Asian, ,Bachelor's degree,"$65,000 - 74,999",4,3,5,5,3,5,4,3,4,4,3,4,5,3,4,5,6,6,6,3,7,6,6,6,5,6,7,7,6,5,5,6,4,6,2,2,2,6,6,4,2,5,4,4,4,5,2,5,5,2,2,4,3,4,4,5,3,6,6,3,3,2,5,6,5,Mom keeps coughing and we're wondering if it's COVID or not,1,8,611082ee9fd766aaaf0126db
423,R_1IHoHDZNaWrW85M,5ce753de5434fd001b47e9fc,26,Male,No,Black/African-American, ,High school (or GED),"$45,000 - 54,999",5,2,4,5,3,5,6,4,4,4,3,5,4,2,5,7,6,7,7,5,5,7,5,5,7,6,4,7,7,5,6,7,5,5,2,3,3,5,4,4,4,5,4,6,6,5,5,4,4,3,3,6,2,2,5,2,3,4,3,4,2,3,5,4,5,I personally have not any had issues or situations related to covid in recent months.,10,0,5ce753de5434fd001b47e9fc
598,R_DUJMTttQ0ussjgB,60fcf16942369a2fb0c093e3,26,Female,No,Asian, ,Master's degree,"$25,000 - 34,999",4,2,5,4,1,3,6,2,4,4,2,4,6,2,3,6,6,6,6,6,7,6,7,7,5,6,6,5,6,7,6,5,5,5,2,3,3,3,4,2,2,3,3,5,6,5,1,3,3,2,5,2,5,2,5,2,4,5,5,2,3,4,2,2,2,A friend told me about an anti-mask protest at the school she teaches at where some students were upset at the principal because they still had to wear masks in the classroom even though the principal and school district have no control over public health guidelines.,1,8,60fcf16942369a2fb0c093e3
561,R_RzAZovP6sSzgaT7,5d8abb245ada2b00018b74ed,32,Female,No,White/Caucasian, ,Bachelor's degree,"$35,000 - 44,999",4,2,5,5,1,3,3,3,4,4,3,3,6,1,4,7,7,7,7,5,7,7,7,7,7,7,7,7,7,6,6,6,4,2,4,2,3,1,4,5,3,3,2,4,5,5,2,4,2,1,4,2,4,1,5,2,4,4,1,6,2,3,3,4,6,"My child who is immuned compromised isn't able to get out and see her friends, so it is hard for the whole family that we are having to be so careful.",5,5,5d8abb245ada2b00018b74ed
693,R_zUbFORFfG59rJUl,59ffb939517dfb00013dadda,34,Male,No,White/Caucasian, ,Master's degree,"$35,000 - 44,999",4,2,5,4,2,4,4,2,5,4,2,5,4,4,4,6,6,5,6,7,6,5,6,6,5,6,6,7,6,4,6,5,6,3,6,3,4,5,4,3,4,3,5,5,5,5,6,5,5,2,5,5,2,3,3,5,2,3,4,5,3,3,6,5,6,My brother was going to come and visit but tested positive for covid so he had to stay home and couldn’t fly on a plane out here,0,10,59ffb939517dfb00013dadda
521,R_1eL7wTY4bPGRlEK,5f4ad4dade24ea6a79e7f3a5,21,Male,Yes, , ,High school (or GED),"$25,000 - 34,999",4,2,5,5,2,5,3,2,5,5,2,3,5,2,4,7,6,6,6,6,6,6,6,6,6,6,6,6,6,3,6,6,3,6,5,5,3,5,3,3,2,3,6,3,3,5,2,3,3,2,5,5,3,2,5,2,5,5,2,6,2,5,6,6,6,I always wear a mask when leaving my home because it's one of the best ways for me to protect myself and others.,10,1,5f4ad4dade24ea6a79e7f3a5
553,R_2q2EUEjv0nZVRvE,6090a9a32b9a685c5cacbbb3,36,Other,No,Other (please specify),mixed race,Bachelor's degree,"$75,000 - 84,999",4,3,5,4,3,2,4,2,5,5,2,5,5,2,5,6,6,6,6,7,6,6,6,6,6,6,6,6,6,6,6,6,2,7,2,2,6,6,4,3,3,6,4,3,6,6,5,5,6,2,5,5,3,5,2,5,5,4,5,2,3,3,6,4,7,"I still have not gotten a covid jab, and I don't foresee getting one so long as the offerings are limited to the current generation of vaccines. Simply put, I want to wait on more data to be made available for the mRNA vaccines, at least a few years worth before I would even consider getting one.",8,4,6090a9a32b9a685c5cacbbb3
838,R_2Y36PDhViNbMxJV,5da23c68cf775d001724d361,28,Other,No,White/Caucasian, ,High school (or GED),"$0 - 14,999",4,1,4,4,1,4,3,1,4,3,1,4,4,1,3,5,6,6,6,6,6,6,6,6,6,6,6,6,6,6,6,6,6,6,3,6,4,3,5,3,5,6,5,3,5,4,3,3,4,3,4,3,6,3,4,3,3,5,3,5,3,3,3,5,5,"COVID has caused me to worry more about going to the doctor, but I do not trust zoom enough to not be in person.",5,5,5da23c68cf775d001724d361
378,R_6xjSw1G5WfFwSRj,60fde4a578cf2748430c899c,24,Female,No,Asian, ,Bachelor's degree,"$75,000 - 84,999",5,2,5,5,2,5,5,2,5,5,5,5,5,2,5,2,6,2,2,2,6,2,6,2,1,1,5,1,2,3,5,3,3,2,2,2,2,2,2,2,2,2,2,2,2,2,2,2,2,2,2,2,1,2,2,1,2,2,2,2,2,5,6,2,6,I need to get tested every week for work. If I test positive then I cannot work.,2,8,60fde4a578cf2748430c899c
675,R_1YsVr3u0VH33R6N,5fa0ef2435d00916c491c6d5,21,Female,No,White/Caucasian, ,High school (or GED),"$35,000 - 44,999",5,1,6,4,1,2,2,2,1,6,1,1,5,1,2,7,7,7,7,7,7,7,7,7,7,7,7,7,6,4,7,7,6,1,4,4,6,1,2,2,4,1,4,2,4,3,1,1,1,1,2,6,7,2,4,1,4,4,1,5,1,4,2,2,7,My neighbors who are like grandparents to me got covid and one of them passed away,0,10,5fa0ef2435d00916c491c6d5
472,R_qRERBSrChtAZUaJ,61084a81a1153e551941ddbc,31,Female,No,White/Caucasian, ,High school (or GED),"$35,000 - 44,999",2,2,5,4,2,2,4,2,5,4,2,3,4,1,5,6,6,6,6,6,7,7,6,6,7,7,7,6,6,4,7,6,3,6,4,3,4,5,6,3,6,3,3,3,6,3,3,5,5,2,4,5,5,3,5,3,3,4,6,5,3,4,3,2,5,I had to get a new job because the type of work I usually do has been unavailable.,5,7,61084a81a1153e551941ddbc
316,R_ALtkdc1kHTfOeRz,60182dbd804fd3028b601888,32,Female,No,Black/African-American, ,Master's degree,"$85,000 +",4,3,4,4,3,3,3,4,4,4,3,4,4,2,4,5,5,5,5,4,4,5,5,5,5,5,4,5,5,4,5,5,4,2,2,5,5,4,3,3,3,3,4,3,3,4,4,3,4,3,2,2,3,2,3,1,3,3,2,5,3,4,3,4,4,My office is now mandating going back to work as Covid subsides in our city. This will heavily impact my decision of staying with the company or not.,1,9,60182dbd804fd3028b601888
601,R_3PY5kWvDlNFogXs,5f57120cba207c18f058a62b,25,Female,Yes,White/Caucasian, ,Bachelor's degree,"$65,000 - 74,999",4,2,5,4,2,3,4,1,5,4,3,4,5,3,5,6,6,6,6,6,6,6,6,6,6,6,6,6,6,6,6,6,6,7,4,5,6,6,5,4,4,6,6,5,6,5,4,4,4,2,2,5,6,3,6,4,3,4,5,4,3,5,5,5,6,"In the county I work in, they as of friday 02/18 lifted the mandatory mask requirements for public spaces/indoor spaces; I don't feel great about that.",2,6,5f57120cba207c18f058a62b
734,R_3EA6u8mYUFPyQCi,6102ea6d7c2f5376967fa7f9,18,Female,No,White/Caucasian, ,High school (or GED),"$85,000 +",3,1,4,3,1,4,2,2,4,4,3,3,4,2,4,7,7,7,7,5,6,7,7,7,7,7,7,7,7,6,7,7,5,2,5,3,2,5,5,3,2,2,5,2,6,3,2,3,3,2,3,3,5,2,5,3,3,5,3,3,3,5,5,5,6,I don't really have many covid related situations recently. I live in an area where covid has stopped being talked about and I never really hear about any positive tests.,10,0,6102ea6d7c2f5376967fa7f9
731,R_3P5EMYeO1VI5nu8,60ff005a566dbbeff7dd5f6f,26,Female,No,White/Caucasian, ,Bachelor's degree,"$15,000 - 24,999",5,4,4,4,2,3,2,2,4,4,3,4,4,1,5,6,6,6,6,7,6,6,6,6,6,6,6,6,5,5,6,6,5,2,4,3,3,3,4,3,3,1,3,2,4,2,2,3,2,2,2,3,6,5,4,3,4,4,3,5,2,3,3,3,5,My hospital went from wearing regular masks to having to wear N95 masks all the time due to an infection spread to a vulnerable patient.,5,10,60ff005a566dbbeff7dd5f6f
376,R_RUJo0Xvvqw81eUN,5dec1c522911273179e44dbe,20,Male,No,White/Caucasian, ,High school (or GED),"$35,000 - 44,999",5,1,4,5,1,4,4,3,3,4,2,2,5,1,5,7,7,7,7,5,7,7,7,7,7,7,7,7,7,7,7,7,6,5,2,3,3,3,4,4,2,2,6,4,4,3,1,3,3,3,3,3,6,2,3,2,5,6,3,4,3,3,4,3,6,I recently received my booster/third dose of the Pfizer COVID vaccine and experience slight but trivial side effects from it.,10,0,5dec1c522911273179e44dbe
328,R_2zTiy9tsc0BHjHu,5d59d1c4f6a63300198681e8,45,Female,No,White/Caucasian, ,High school (or GED),"$0 - 14,999",5,2,4,4,1,4,4,2,4,4,2,4,4,2,5,6,6,6,6,5,6,6,6,6,6,6,6,6,6,5,6,5,4,1,5,3,2,2,5,3,3,3,5,1,5,4,2,5,4,3,3,4,5,2,4,3,4,5,5,3,4,3,4,3,4,"I believe in not exposing my child to Covid whenever possible, His father is happy to expose our child to covid.",4,7,5d59d1c4f6a63300198681e8
280,R_12u5UfWm5Dw3kWf,5910a67f5a530d00011f9561,53,Female,No,White/Caucasian, ,High school (or GED),"$0 - 14,999",4,1,6,5,1,3,3,2,6,3,2,5,5,1,3,6,7,7,6,6,7,7,7,7,7,7,6,7,6,5,7,7,5,1,7,3,4,1,4,3,3,4,3,4,7,5,2,2,4,3,4,5,7,2,7,5,6,7,2,4,4,6,7,5,5,I have not had the virus.,10,1,5910a67f5a530d00011f9561
382,R_1LHkgO1CiGoljXS,6101bba007efd3120e552332,28,Female,No,White/Caucasian, ,Master's degree,"$85,000 +",5,2,5,4,2,4,3,3,5,5,3,4,4,2,4,6,6,6,6,5,6,6,6,6,6,6,6,6,6,6,6,6,6,2,7,3,3,5,4,4,3,3,6,3,3,5,5,5,4,3,4,6,5,4,5,3,5,5,2,6,3,3,4,4,6,I like the distance from people but my job has not changed,5,5,6101bba007efd3120e552332
333,R_3MzdlBxvQiVFofN,5eda4bab334f1b629cbc89db,34,Male,No,White/Caucasian, ,High school (or GED),"$85,000 +",4,3,3,3,2,3,3,3,3,3,3,3,3,3,3,5,5,5,4,3,4,4,4,4,4,5,5,4,4,4,5,4,4,4,4,4,6,2,3,4,6,6,3,3,3,5,3,3,3,4,4,4,5,6,5,3,5,5,5,3,5,5,3,3,3,Recent news coming out removing mask mandates for schools. It’s a situation I am experiencing directly as we have a child who is unable to get vaccinated,1,6,5eda4bab334f1b629cbc89db
705,R_1MYRHjOreyWziGN,6106dff95e2948f146c25d10,21,Female,No,White/Caucasian, ,High school (or GED),"$85,000 +",5,2,5,3,2,3,3,2,5,5,3,3,5,2,4,7,7,7,7,7,7,7,7,7,7,7,7,7,7,6,7,7,6,2,5,2,5,2,5,3,1,2,3,2,5,3,2,2,2,2,1,2,6,1,7,3,4,6,5,5,5,4,3,3,6,Wearing masking while on campus and during class.,2,8,6106dff95e2948f146c25d10
263,R_3KmR7o1BBOXGxFv,5d118de2c80b57001721f93e,28,Male,Yes,White/Caucasian, ,High school (or GED),"$25,000 - 34,999",3,3,5,5,4,4,4,5,4,5,4,5,4,4,5,6,6,7,7,6,6,6,6,7,6,7,6,6,7,6,6,6,6,2,1,2,2,2,2,2,2,2,3,2,1,1,1,3,2,2,4,5,6,3,2,2,3,3,3,5,3,2,1,2,6,"I lost my job during the beginning of COVID, and just 2 weeks ago I got a new job at a different company. It's been a pretty huge adjustment, as I had worked at that previous company for about 6 years. The first week I actually wanted to quit, I didn't think I'd be able to do the job properly or really understand things. However, the second week made me a lot more confident and I'm now excited when I go into training every day.",4,6,5d118de2c80b57001721f93e
1396,R_3Hoypa91rVPaHPN,5fc3add5bd42c6237093b1fe,20,Male,No,Black/African-American, ,High school (or GED),"$85,000 +",4,2,5,3,2,3,4,3,4,4,3,4,4,2,3,6,6,6,6,5,6,6,6,6,5,5,6,6,5,6,6,6,6,3,5,6,6,2,3,4,3,2,3,3,5,5,2,2,5,3,4,4,5,5,5,4,3,4,4,6,1,3,3,3,6, ,3,3,5fc3add5bd42c6237093b1fe
425,R_3FP3XRY2NrJOXkW,60e67fac8d116bb293e74eda,23,Female,No,White/Caucasian, ,High school (or GED),"$65,000 - 74,999",6,1,6,6,2,6,1,4,4,6,3,4,6,1,1,7,7,7,7,1,7,6,7,7,7,7,2,7,7,6,7,7,3,1,3,6,5,1,4,6,2,1,6,1,6,3,1,4,1,1,1,5,7,1,6,1,4,3,1,5,1,1,3,4,7,Having a hard time being a mom with a baby during pandemic,10,4,60e67fac8d116bb293e74eda
658,R_QbkQXs7xC32bbEJ,5f0a768d79e052185602759b,27,Female,No,Asian, ,Bachelor's degree,"$75,000 - 84,999",5,5,5,5,5,5,5,5,5,5,5,5,5,5,5,3,5,5,5,2,5,5,3,3,5,5,5,4,6,2,5,5,3,5,4,3,3,5,4,3,3,3,5,3,5,5,5,4,3,5,4,4,2,2,2,2,2,2,2,4,2,2,5,5,5,"I have COVID-19 right now, myself, and am experiencing a few symptoms, to a moderate degree.",0,10,5f0a768d79e052185602759b
664,R_3scCesIXBMFNkdH,5ba840fe26605b00013c8124,41,Female,No,White/Caucasian, ,High school (or GED),"$25,000 - 34,999",4,2,5,5,2,5,5,2,3,5,3,3,4,3,5,6,6,6,6,6,6,6,6,6,2,2,6,6,6,6,6,6,5,2,4,2,1,2,4,3,3,4,3,2,6,2,2,5,2,2,1,3,7,1,6,2,2,6,3,4,2,3,2,6,5,"My aunt had COVID and the hospital wanted to put her on a ventilator instead of using drugs to treat her. Fortunately, her son got in touch with the admin, and they then treated her.",8,1,5ba840fe26605b00013c8124
591,R_3FUR5YmDItEZOGC,5f8564e35185820008e112da,27,Male,No,White/Caucasian, ,Bachelor's degree,"$45,000 - 54,999",4,2,5,4,2,4,3,3,4,3,3,3,4,1,5,6,6,6,6,3,6,6,6,6,6,6,6,6,2,3,6,6,2,5,2,3,4,4,5,5,2,3,5,3,5,3,2,5,5,2,4,3,3,3,2,3,3,6,3,1,5,5,3,3,5,I am currently sitting at my desk at home taking this survey - I guess I started doing these types of surveys during the beginning of the whole Covid ordeal so I guess that could be construed as being related to covid,7,3,5f8564e35185820008e112da
609,R_YQc49fFtB1mD1Ul,5efdb606c4efc321289cb3be,23,Male,No,White/Caucasian, ,High school (or GED),"$15,000 - 24,999",5,4,5,5,3,3,2,2,5,2,4,6,4,2,4,6,6,5,5,4,5,6,5,5,6,5,6,6,6,5,5,5,3,4,5,3,5,3,4,4,1,1,4,5,5,5,5,5,3,2,3,2,3,3,5,5,3,4,6,5,2,4,5,3,5,I go to the grocery store. where mask aren't required. some people wear them and some don't,4,5,5efdb606c4efc321289cb3be
460,R_1n7KlH7o7DYpVIK,59dc4083ae9f950001d83b4b,49,Female,No,White/Caucasian, ,Master's degree,"$0 - 14,999",4,2,5,5,2,4,4,4,5,5,2,5,5,2,5,5,5,5,5,2,6,6,5,5,5,6,5,6,6,5,6,6,5,5,5,2,6,5,6,3,3,2,4,2,3,2,2,2,3,3,2,6,4,2,4,3,3,4,6,5,3,2,3,4,5,I am still really concerned about COVID.  I choose to continue masking and self-distancing as much as possible.,2,6,59dc4083ae9f950001d83b4b
952,R_214DAqLCMsIbo9Z,61077d33fa52e0e5aed87ae4,20,Female,No,White/Caucasian, ,High school (or GED),"$85,000 +",6,2,4,3,1,4,4,3,3,4,5,2,4,1,4,6,7,7,7,7,7,7,7,7,7,7,7,7,7,5,7,7,6,6,5,5,5,3,4,4,3,2,4,1,5,4,1,2,1,2,6,3,5,6,5,4,3,6,6,5,2,2,5,6,7,My university is lifting its indoor mask mandate next week for the first time in almost two years.,6,7,61077d33fa52e0e5aed87ae4
528,R_yCQdrpu84qq0OSR,5f52682826475e5116d539be,26,Female,No,White/Caucasian, ,Bachelor's degree,"$85,000 +",3,2,5,5,1,5,6,4,4,5,5,5,6,2,5,7,7,7,7,6,7,7,7,7,7,7,7,7,7,6,7,7,6,2,3,3,2,5,6,2,2,3,5,1,4,3,1,2,2,1,1,1,2,2,6,2,2,3,4,2,3,2,3,6,6,"Tomorrow will be the first day that I go back to work since my city has lifted the vaccine mandate for customers. I am feeling uneasy about this because knowing that I was interacting with so many people at once was anxiety-inducing; however, knowing they were all vaccinated provided some initial relief",0,9,5f52682826475e5116d539be
498,R_2duLcUkZKOKl4Wr,6138f6e6cca9f1a91166f2dc,21,Female,No,White/Caucasian, ,High school (or GED),"$85,000 +",5,3,5,5,1,5,5,2,5,4,5,2,4,1,6,5,6,6,6,2,6,6,6,6,5,5,5,5,5,5,6,5,3,3,2,3,5,2,3,2,6,4,2,2,5,5,1,3,2,4,5,5,5,2,5,1,2,2,2,5,2,2,3,3,5,"I have to wear a mask whenever I am in buildings on campus, and all students must be vaccinated or boosted (all of which I agree with).",9,0,6138f6e6cca9f1a91166f2dc
312,R_3gN4AqnACeZTSJl,6121bf8a18ff7653c779e4a4,33,Male,Yes,White/Caucasian, ,High school (or GED),"$85,000 +",5,3,4,6,3,4,5,3,2,4,3,3,5,3,5,6,6,7,6,6,6,6,6,6,6,6,6,6,6,5,6,7,5,5,5,2,5,6,6,3,3,5,5,5,6,5,6,6,5,3,7,5,2,2,5,4,5,5,5,5,2,4,6,6,6,I recently had a child with my wife and we had to deal with COVID protocols which meant no visitors or anything like that,8,2,6121bf8a18ff7653c779e4a4
612,R_1BSgA6waESTmm7c,6110ce5a05a190c6f2bd9fe4,20,Female,No,White/Caucasian, ,High school (or GED),"$65,000 - 74,999",4,2,4,4,2,2,3,2,4,4,3,3,5,2,4,6,6,6,6,5,6,6,6,6,5,6,5,5,6,5,6,5,5,6,3,5,5,6,5,5,5,5,5,5,5,6,5,3,2,3,5,5,5,3,5,2,3,4,5,4,5,6,5,5,4,"My brother and dad tested positive for covid, but recovered quickly.",4,5,6110ce5a05a190c6f2bd9fe4
639,R_1Cg5JGuhjAmKWoW,5fc389e2c42314669487410a,52,Female,No,White/Caucasian, ,High school (or GED),"$0 - 14,999",6,4,6,6,4,6,5,6,6,6,6,6,6,6,6,7,7,7,6,7,7,7,6,7,7,7,7,6,7,1,7,7,7,7,5,2,1,7,7,1,1,1,7,1,6,6,7,5,7,1,4,6,6,1,4,7,1,2,6,4,1,1,2,7,7,"Covid is still a daily problem for  me personally, because of my health problems; irregardless of the level of threat it is right now.",0,10,5fc389e2c42314669487410a
354,R_TuTgHdpoKppZNnj,5f4828d5ac8a902d7e4d56e2,39,Female,No,White/Caucasian, ,High school (or GED),"$65,000 - 74,999",4,2,5,5,2,3,2,2,5,5,2,4,5,2,4,6,5,6,6,6,6,6,6,6,6,6,6,6,6,6,6,6,4,6,5,3,2,6,5,2,2,4,3,5,3,5,3,5,3,3,2,5,3,3,2,2,3,3,2,6,3,2,3,5,5,STill having to wear masks at work everyday because people refuse to be vaccinated is so exhausting,3,9,5f4828d5ac8a902d7e4d56e2
560,R_1n8FO6WH4EpkHZb,614e8467b95e7056b6f06edc,29,Male,Yes,Unknown/Do not wish to answer, ,Bachelor's degree,"$55,000 - 64,999",2,1,5,2,1,2,2,1,4,4,4,3,5,2,5,7,7,7,7,7,7,6,7,7,6,6,7,6,6,7,7,7,6,3,3,5,6,4,6,2,2,5,4,3,4,5,3,6,6,2,2,7,6,4,6,6,4,7,4,2,2,1,2,3,7,I got my COVID booster shot and the side effects left me exhausted for an entire day.,5,5,614e8467b95e7056b6f06edc
637,R_3haIUY9K0IL4DSe,5ce793cff8601c0001cc43b1,23,Male,No,White/Caucasian, ,High school (or GED),"$85,000 +",4,2,4,4,1,5,3,1,5,5,1,2,5,1,5,7,6,5,5,4,7,5,5,6,6,7,6,6,6,3,6,6,4,4,3,2,4,4,3,2,5,3,4,3,4,3,2,2,2,3,3,3,5,2,2,3,2,4,1,5,2,5,3,2,4,I have to wear a mask and do a temperature check at the start of every work shift.,1,7,5ce793cff8601c0001cc43b1
438,R_qPic4QqFdZHs5CV,5e73a3e6a3a80a069b53bc93,22,Female,No,White/Caucasian, ,High school (or GED),"$15,000 - 24,999",4,2,3,5,2,3,4,1,5,4,4,5,5,2,5,6,7,7,7,6,6,6,6,6,7,7,7,7,6,6,6,6,5,3,5,2,5,5,5,2,4,4,4,3,6,5,5,5,4,3,4,6,6,5,6,3,4,5,4,4,2,2,5,6,7,"Recently, both my brother, his girlfriend, and my friend, all immuno-compromised were diagnosed with COVID; it was a scary ordeal for a bit.",0,6,5e73a3e6a3a80a069b53bc93
506,R_uy2DZQVGVz9xI9H,613e59f68312d2083c8b193d,42,Male,No,White/Caucasian, ,Bachelor's degree,"$75,000 - 84,999",6,4,5,5,6,5,4,4,5,5,5,5,6,5,5,7,5,5,4,2,6,7,5,5,4,5,7,7,6,5,6,6,5,3,4,5,5,3,2,3,3,4,4,2,5,5,4,1,3,2,6,3,6,3,5,3,4,4,3,7,2,2,4,4,7,Although I am vaccinated I finally tested positive for COVID. My symptoms were a little bit worse than a cold and my coughing and drainage in my nose stuck around for several days after I returned to work.,0,10,613e59f68312d2083c8b193d
841,R_1FxIFbSr65mYaLn,61047420224037253f952387,21,Female,No,White/Caucasian, ,High school (or GED),"$0 - 14,999",4,2,5,4,2,4,5,3,4,4,2,2,6,1,4,5,5,5,5,5,5,6,5,5,5,5,6,5,5,5,6,5,5,2,5,3,3,3,5,3,2,5,5,2,3,5,1,1,1,1,3,5,5,5,3,1,3,5,3,2,3,5,5,5,7,"Covid has affected my schooling, I dropped out of college due to the stress.",2,8,61047420224037253f952387
327,R_575N6Agq43vOfxT,60461ebcb6a36e04513f1ee9,48,Male,Yes,White/Caucasian, ,Bachelor's degree,"$55,000 - 64,999",4,2,5,4,2,2,4,4,5,4,4,4,4,2,5,5,5,5,5,6,5,5,5,5,5,5,5,5,5,3,5,5,2,3,4,3,3,2,5,6,3,4,5,3,5,5,2,5,4,3,5,3,4,5,5,3,3,4,3,1,3,3,5,2,6,"People around me, in my community, are beginning to unmask and I refuse to stop being safe.",3,9,60461ebcb6a36e04513f1ee9
791,R_wNlXycPM3d1DXvb,60e3dea3ffbd0e2a90942794,36,Female,No,White/Caucasian, ,High school (or GED),"$0 - 14,999",5,1,5,5,1,1,2,1,5,5,1,5,6,1,6,4,6,7,7,6,7,6,7,7,7,7,7,7,7,7,7,7,7,2,5,3,3,3,5,2,2,2,2,2,5,2,2,3,2,1,3,5,5,2,5,2,3,6,6,2,2,3,5,4,4,I am working extra because of coworkers being out with covid. Its hard on me to work so much. I am disabled.,0,3,60e3dea3ffbd0e2a90942794
349,R_Zq03EdFA7PE2fCN,61576f9a0739891548dd19a0,42,Female,No,White/Caucasian, ,Master's degree,"$85,000 +",4,1,4,2,1,4,2,1,5,2,2,2,3,1,5,6,7,7,7,6,7,7,7,7,7,7,7,7,7,2,7,7,3,6,3,3,3,3,5,2,2,3,2,2,2,2,1,2,2,2,5,2,5,3,1,1,3,5,2,5,2,3,3,3,4,another child in my kid's class was diagnosed with COVID. We're not close contacts so we don't have to quarantine but still need to be on higher alert than usual.,7,7,61576f9a0739891548dd19a0
778,R_3sacM0DkbZxg1OR,6112d6da9a7187329cd0872c, ,Female,No,White/Caucasian, ,Bachelor's degree,"$75,000 - 84,999",5,2,5,5,2,5,5,5,5,5,3,5,5,2,5,6,7,7,7,6,6,6,6,6,6,6,6,6,6,6,6,6,6,7,4,1,3,5,5,1,1,3,2,4,4,4,3,2,2,2,3,2,6,2,2,5,2,6,5,4,2,1,5,2,7,My Mother had emergency surgery and only 1 person could visit her due to COVID.,0,10,6112d6da9a7187329cd0872c
376,R_2t8hm42uyYu1MVb,5c5c6a188c08e90001116add,46,Male,No,White/Caucasian, ,"Advanced degree (e.g. PhD, MD, JD)","$85,000 +",4,1,5,4,1,4,4,2,4,4,2,2,4,2,4,6,6,6,6,5,6,6,5,6,6,6,6,6,6,6,6,6,6,6,6,5,6,5,5,5,2,3,4,3,3,2,2,2,3,3,2,2,3,3,6,2,3,3,3,2,3,5,5,5,5,"COVID protocols have altered the way we attend professional conferences in my discipline. We are focusing more on virtual options at the conference, the attendance is smaller, and people will be more spread out during the sessions.",7,3,5c5c6a188c08e90001116add
502,R_2tGaP5wdwb37dHd,6110af6c0c1dd851739f2fa2,26,Female,No,White/Caucasian, ,Bachelor's degree,"$25,000 - 34,999",4,1,5,5,1,2,4,1,3,2,1,1,5,1,5,7,7,7,7,6,7,6,7,7,7,7,7,7,7,6,7,7,6,6,3,3,6,5,6,3,3,2,3,5,6,6,2,6,2,2,2,5,6,2,7,1,7,7,3,5,2,6,5,2,5,"The supply chain issues seem to be centered around COVID. It has been challenging for me because many things cost more or are simply unavailable, and it has been difficult to get my needs met. Affordable food is hard to come by.",0,10,6110af6c0c1dd851739f2fa2
398,R_2VF9OyeD1HbVlYA,61144ee1421061843c1391ec,26,Female,No,White/Caucasian, ,Bachelor's degree,"$35,000 - 44,999",5,2,4,4,2,2,3,1,3,2,2,3,5,2,3,6,7,6,6,6,6,6,5,6,6,7,6,6,6,6,6,6,6,6,6,2,5,5,6,6,3,3,2,3,7,6,2,4,4,2,2,2,6,2,5,1,3,6,6,2,4,3,3,3,6,While people are trying to 'return to normal' I am struggling to understand what that looks like.,4,8,61144ee1421061843c1391ec
578,R_27ExJLHZEbZKIaU,61001a613f97ef5b77b4d783,23,Female,No,White/Caucasian, ,Bachelor's degree,"$0 - 14,999",4,3,3,4,3,4,4,2,4,3,3,4,4,2,4,5,6,5,5,5,6,6,6,6,5,5,7,6,5,5,5,5,5,5,5,3,3,5,5,4,4,4,5,3,5,5,4,5,4,3,3,5,5,3,5,5,4,4,3,5,3,3,5,5,5, ,3,5,61001a613f97ef5b77b4d783
727,R_2E4fteW9tRfMZ0D,60ce521abd4ad9d3efadd698,48,Female,No,White/Caucasian, ,Master's degree,"$85,000 +",5,2,5,4,3,5,4,4,2,4,2,5,3,1,5,6,5,6,6,2,2,6,2,2,6,6,5,5,5,5,2,5,5,1,2,6,1,1,2,3,2,2,4,2,3,1,1,2,1,1,2,2,2,1,2,1,4,3,1,2,2,3,2,4,2,I have had 2 doses of the vaccine and no booster. I have not gotten COVID and I am tested frequently.,10,3,60ce521abd4ad9d3efadd698
414,R_OoGdL86yl4wV3CV,5f527a5a4af6f352d28b53e8,29,Female,Yes,White/Caucasian, ,Bachelor's degree,"$75,000 - 84,999",4,1,5,5,1,4,6,4,5,5,4,3,5,2,4,6,7,6,6,5,6,7,6,6,6,6,6,7,6,6,6,6,5,3,2,2,6,5,5,3,6,7,6,3,6,5,3,2,2,3,6,6,6,3,6,1,5,6,7,5,2,5,2,2,6,"I recently gave birth in January. I tested positive in the hospital despite having always been cautious and careful. It now impacts me and has made me even more wary to go out places and do things, despite us having not done much before.",0,9,5f527a5a4af6f352d28b53e8
355,R_2coV0Hqd2FAAsuV,5c347cb8bef9a20001e30950,39,Male,No,White/Caucasian, ,Bachelor's degree,"$25,000 - 34,999",4,2,5,4,2,4,4,2,2,3,2,2,4,2,3,6,6,6,6,6,6,6,6,6,7,7,4,6,6,5,6,6,3,4,5,3,2,4,5,5,4,3,3,4,5,4,3,3,2,3,5,6,3,4,4,5,4,6,4,3,3,5,3,3,4,"My mother is dealing with long-lasting effects from covid, and while they are improving somewhat, she is still having a difficult time overcoming them.",1,7,5c347cb8bef9a20001e30950
498,R_1eWDFr1fhyvC2fQ,610b18188df86b43d80930d0,20,Male,No,Asian, ,High school (or GED),"$85,000 +",3,1,5,5,1,2,3,1,4,3,1,3,4,1,4,7,7,7,7,5,7,7,7,7,7,7,7,6,6,3,7,7,4,5,3,4,3,3,5,3,3,4,5,3,5,4,5,4,4,2,5,5,5,2,4,3,5,6,5,4,4,5,5,4,5,"I am currently experiencing a lack of available opportunities for my Papa senior companionship job; due to COVID, there are less available appointments to meet with seniors and less opportunities for me to work.",1,7,610b18188df86b43d80930d0
393,R_2Vq2MUkghPNkwlE,5beb85a3af0b33000111304a,38,Male,No,White/Caucasian, ,Bachelor's degree,"$25,000 - 34,999",4,2,5,4,2,4,3,3,4,4,4,4,4,3,4,5,5,4,6,3,5,6,5,5,5,5,5,5,4,2,5,5,3,2,3,3,2,2,4,3,3,2,5,3,3,4,3,5,3,3,3,4,4,2,3,2,4,4,5,4,3,3,2,4,5,"I went and got my 3rd booster and now I hear a 4th is on the way, yay.",2,4,5beb85a3af0b33000111304a
288,R_1i8MLwJTentPO2U,5caa183a9ac82a001631374e,37,Male,No,White/Caucasian, ,Bachelor's degree,"$85,000 +",5,4,3,4,4,5,4,4,4,4,5,4,4,5,4,6,6,6,6,4,5,6,6,6,6,6,6,6,6,3,6,5,2,5,3,3,4,5,4,3,2,2,5,3,5,5,4,6,5,3,4,4,3,3,2,4,3,4,4,5,3,2,5,5,5,currently working from home due to covid. i like it.,7,5,5caa183a9ac82a001631374e
904,R_2AE86bgJAyOJogN,611157c508ec60f3cfb2628e,27,Female,No,White/Caucasian, ,Bachelor's degree,"$85,000 +",4,1,4,4,1,4,4,2,5,4,3,3,4,2,4,6,7,6,6,6,6,6,6,6,6,7,6,6,6,4,6,6,6,2,3,6,6,3,2,3,3,3,4,3,4,2,1,4,3,2,1,2,6,6,6,2,3,5,4,4,3,3,2,2,4,"I got a job for the first time in two years based on the fact they were still wearing masks and following many safety protocols, but as of last week they don't wear masks anymore so I'm nervous to start.",7,7,611157c508ec60f3cfb2628e
446,R_Q0cbaia8U2X2hs5,60fdf254d7cf63001528e2a9,22,Male,No,White/Caucasian, ,Bachelor's degree,"$85,000 +",6,4,5,6,4,4,5,4,5,5,3,6,5,3,6,6,6,6,6,5,6,6,6,6,7,6,5,6,2,5,6,6,3,3,3,2,5,3,2,1,2,1,3,2,5,3,3,5,2,2,3,3,5,3,6,3,3,5,3,5,2,2,3,3,5,My roommate tested positive for COVID over the last week and we both had to quarantine for five days.,7,7,60fdf254d7cf63001528e2a9
619,R_3plsDkZ65MmOVJQ,5dd36d715e9119361a7459f8,43,Male,No,White/Caucasian, ,Master's degree,"$65,000 - 74,999",2,1,5,5,1,4,3,1,5,4,2,4,4,1,4,7,7,7,7,5,7,7,7,7,7,7,6,7,7,5,7,7,5,5,3,5,5,2,5,5,2,3,5,2,6,5,3,5,3,2,5,2,5,3,2,3,3,5,5,5,2,3,3,3,6,People may choose to get a booster vaccination.,4,6,5dd36d715e9119361a7459f8
1105,R_3CUvLL6lJyYmtbK,61429da901b389e7a09182aa,25,Female,No,Black/African-American, ,Master's degree,"$25,000 - 34,999",6,1,6,6,1,6,4,4,6,6,1,6,6,1,6,7,7,7,7,7,7,7,7,7,7,7,7,7,7,1,7,7,7,7,5,1,7,7,7,3,2,1,7,1,7,7,1,1,5,1,1,7,7,7,7,7,1,7,7,7,6,1,6,7,7,The guidelines for mask wearing at my company is constantly changing so I never know if I am supposed to be wearing a mask,0,10,61429da901b389e7a09182aa
553,R_3EhaVLPJZyk6Yex,60fe2077b7746be7cc99c1a4,33,Female,No,White/Caucasian, ,Bachelor's degree,"$45,000 - 54,999",3,2,4,4,2,3,4,3,4,4,3,2,5,4,4,6,6,6,6,6,6,6,6,6,6,6,6,6,6,5,6,6,5,2,5,3,2,3,6,3,3,6,3,2,6,3,2,2,3,2,3,2,5,2,6,2,2,3,2,3,2,3,6,3,3,I am recently recovering from getting COVID while traveling home from a week in Mexico,9,9,60fe2077b7746be7cc99c1a4
731,R_p4LSywhoD4ohkAN,61115ba660dfe3ceb753bbeb,24,Female,No,White/Caucasian, ,Bachelor's degree,"$35,000 - 44,999",6,2,2,4,1,2,4,1,4,4,1,5,4,4,4,7,7,7,7,7,7,6,7,7,7,6,5,5,7,7,7,7,5,6,6,3,5,7,5,6,6,4,3,5,7,6,2,3,5,3,3,6,6,3,7,2,3,5,4,4,3,2,2,3,5,Working in a rehab we have to quarantine alot of our clients,1,8,61115ba660dfe3ceb753bbeb
554,R_1ogQ7clN9i0Lkds,61511ad4c727fbbc2393cd3a,51,Female,No,White/Caucasian, ,High school (or GED),"$15,000 - 24,999",6,1,6,6,1,6,2,2,1,5,5,5,6,1,6,7,7,7,7,6,7,7,6,7,7,7,7,7,7,7,7,7,7,1,2,6,6,1,5,6,3,1,1,1,6,6,5,2,1,1,6,4,5,6,4,1,1,1,2,5,2,1,2,1,7,Feeling more positive about it,8,1,61511ad4c727fbbc2393cd3a
936,R_1BW7GBvnKvPdxh8,609e28fc803b1238af34d1c4,43,Male,No,Other (please specify),Can't select all that apply when you only allow me to select one. I'm white AND Native American. It's not American Indian. Indians are from India.,High school (or GED),"$55,000 - 64,999",5,1,1,1,1,1,1,4,1,1,1,1,4,1,1,6,6,6,6,6,6,6,6,6,6,6,6,6,6,2,6,6,5,1,1,4,2,1,6,4,7,2,1,2,5,1,1,4,4,4,4,4,4,2,5,1,4,4,4,4,7,4,4,1,4,"I'm not experiencing any COVID situations currently. Sorry, there's nothing to say here.",5,5,609e28fc803b1238af34d1c4
262,R_1mLxid6fo1LA78Z,61158711c1d7b3882c311104,38,Female,No,Asian, ,Master's degree,"$85,000 +",5,2,5,5,2,5,5,2,5,5,2,2,5,2,5,5,6,6,6,5,6,6,6,6,6,6,5,6,6,3,5,6,3,2,3,3,2,3,3,2,1,2,6,2,2,5,3,2,2,2,3,3,3,2,2,3,2,2,2,5,2,2,3,5,5,I am still masking in public and avoiding large crowds as well as not going to my gym.,6,3,61158711c1d7b3882c311104
485,R_3PmFRYvtqj7XauE,6128cbc7b7c4580f29436408, ,Male,Yes,American Indian or Alaskan Native, ,High school (or GED),"$25,000 - 34,999",5,5,5,3,5,5,3,5,5,5,5,5,5,3,5,6,6,6,6,4,6,6,6,6,6,6,6,5,5,6,6,5,6,5,4,3,2,5,6,3,3,2,4,5,5,6,3,3,3,3,4,5,6,2,5,5,2,3,2,5,2,3,3,4,6,i have never had Covid.,8,1,6128cbc7b7c4580f29436408
1754,R_211FRZFY9ndFp3g,5e52411c31127d26040f4d3c,23,Male,No,White/Caucasian, ,Bachelor's degree,"$85,000 +",5,1,4,2,1,4,2,5,4,4,2,2,4,1,4,6,6,6,6,6,7,7,7,7,7,7,6,7,6,5,6,7,3,2,3,2,2,3,5,2,3,2,1,2,3,3,2,1,1,2,5,5,2,1,3,6,1,1,3,2,2,1,2,2,5,"I am a student instructor at a university, and I have had several students test COVID.",1,6,5e52411c31127d26040f4d3c
559,R_yryzffHA3VvDPu9,5e83fab3555210152b82004f,28,Male,No,White/Caucasian, ,Bachelor's degree,"$35,000 - 44,999",4,2,4,3,2,4,3,3,4,4,3,4,3,1,5,6,5,6,5,5,6,6,6,6,6,6,6,6,6,5,6,6,6,6,4,5,3,3,5,5,3,4,4,3,3,5,3,3,4,3,5,3,5,3,2,3,4,4,3,4,3,4,3,3,5,At this point the only things that covid is affecting is wearing mask and inflation,9,5,5e83fab3555210152b82004f
335,R_3h42ukXjNOzzoqZ,60fdd69df07af0302d9ce2de, ,Male,No,White/Caucasian, ,Bachelor's degree,"$85,000 +",4,3,5,5,2,3,2,3,5,5,3,4,5,2,5,6,6,6,6,5,6,6,6,6,6,6,6,6,6,4,6,6,3,5,3,3,4,3,3,3,3,3,3,3,5,4,4,2,2,3,3,3,5,5,3,4,4,4,3,3,3,4,5,5,5,Trying to plan a vacation while dealing with COVID restrictions and guidelines.,5,3,60fdd69df07af0302d9ce2de
815,R_QivPuqeHakjNsMV,5ec792e705a9071db9323de5,27,Female,No,Asian, ,Bachelor's degree,"$55,000 - 64,999",4,2,4,5,2,4,4,3,5,4,3,5,4,2,5,6,6,6,6,6,6,6,6,6,6,6,5,6,6,6,6,6,3,2,5,3,2,3,4,5,3,3,4,6,4,6,2,1,2,3,4,4,5,2,4,3,5,3,3,5,2,5,5,2,5,I can't see my mother as often because shes taking care of my grandma. My grandmas health is not great so my mother takes extra precaution to covid. To see her requires quarantine and being careful when going out if needed.,6,8,5ec792e705a9071db9323de5
536,R_2ZOhfHq5vLaOS3s,605733fb52820cc2a723fea3,48,Male,No,Black/African-American, ,Bachelor's degree,"$35,000 - 44,999",5,2,5,5,2,2,4,3,4,4,2,3,4,2,5,5,5,5,4,4,4,3,4,4,5,5,5,5,5,4,4,4,4,2,2,1,2,6,3,3,2,2,5,4,3,4,3,2,2,4,4,3,5,2,3,5,2,4,2,3,3,6,3,3,4,I’m tired of having to wear a mask and worry about getting Covid.,0,7,605733fb52820cc2a723fea3
589,R_1OrbfWc9ZVSQ8v3,616d6463aa6ae2ee832b3804,32,Male,No,Unknown/Do not wish to answer, ,Bachelor's degree,"$0 - 14,999",4,2,4,3,2,3,3,3,4,3,3,4,4,3,5,6,5,5,5,4,5,5,5,5,5,5,5,5,5,3,5,5,4,6,5,4,3,3,5,6,6,3,4,3,2,4,3,2,4,3,5,6,4,5,2,3,3,4,4,6,2,6,5,4,5,Stores and most businesses close early. This make it harder to get grocery and items when I have the appropriate down time.,0,7,616d6463aa6ae2ee832b3804
542,R_3qL2LU42amwzyJW,5ca8ffbec942ab0016cfe9d2,49,Male,No,White/Caucasian, ,Bachelor's degree,"$85,000 +",2,1,5,4,1,5,5,1,4,6,2,4,5,1,5,3,6,6,6,5,6,6,6,6,6,6,6,6,6,6,6,6,6,3,2,2,2,4,4,2,2,2,2,3,3,3,2,2,2,2,1,2,2,2,2,3,2,2,2,2,2,2,2,3,2,My wife and I recently started attending Holy Mass again.,7,3,5ca8ffbec942ab0016cfe9d2
322,R_3qydYs4L989SRJf,5d15103a916d4d001be1e30b,35,Male,Yes,White/Caucasian, ,Master's degree,"$75,000 - 84,999",5,2,5,5,2,5,3,3,4,4,3,5,6,2,5,5,6,6,5,5,5,6,6,6,5,5,5,5,6,5,5,5,2,3,4,3,3,3,5,2,3,3,5,3,4,5,3,3,3,3,3,5,4,5,5,4,3,4,3,5,2,3,3,4,5,"I have to wear a mask to work everyday, test on occasion and can be a close contact with people.",7,4,5d15103a916d4d001be1e30b
825,R_1JVkjyabjZN9VaR,5b37f1837bc6be00010c9657,28,Male,No,Asian, ,High school (or GED),"$0 - 14,999",4,2,4,4,2,3,3,1,4,4,2,3,4,2,5,6,6,6,6,4,6,5,6,6,5,4,6,6,6,6,6,4,4,6,4,3,2,6,4,5,4,4,4,5,4,6,4,4,4,4,5,5,4,4,4,3,5,5,4,4,3,4,5,5,6,"The only covid related situation that I really experienced is having to wear a mask when I go outside now. I don't really mind wearing a mask outside, in fact, I think I prefer to. Covid hasn't really make as much of an impact on me as it would have others.",7,1,5b37f1837bc6be00010c9657
565,R_1mkJRrSWAfW0WFt,5beba23494bff800011dbf9f,27,Male,Yes,Other (please specify),Hispanic/Latino,Bachelor's degree,"$25,000 - 34,999",5,3,5,5,3,3,5,2,5,5,1,4,5,2,5,6,5,6,6,5,6,6,6,6,6,6,6,6,6,6,6,6,3,6,5,2,3,5,4,3,5,6,4,5,5,5,5,4,4,3,4,5,6,4,4,5,4,7,3,5,3,5,6,3,6,My best friend recently contracted COVID which made me concerned about my own health and welfare as well as their own. I was concerned about my loved ones contracting the disease and other facets of my life such as work.,2,7,5beba23494bff800011dbf9f
284,R_40YFZTJULi60Vrz,5e3fa2bd23323f1f0a0b5462,39,Male,No,White/Caucasian, ,Bachelor's degree,"$35,000 - 44,999",4,4,3,4,3,4,3,4,3,3,4,4,4,3,3,4,4,5,5,4,4,4,4,5,5,5,4,4,4,4,5,5,4,3,5,3,4,5,5,4,3,2,5,3,4,5,4,5,4,3,6,5,3,4,2,5,3,4,3,5,4,3,5,5,4,I'm actually currently recovering from covid. It was much worse to recover from than I had ever imagined.,1,8,5e3fa2bd23323f1f0a0b5462
426,R_yZPW78zAMmOiV33,5cba91f716ab74001672d747,27,Male,No,Asian, ,High school (or GED),"$25,000 - 34,999",4,2,5,4,2,5,4,3,4,4,4,3,5,1,6,6,6,6,6,6,6,6,6,6,6,6,7,6,6,2,6,6,2,3,3,3,3,5,5,6,3,3,3,6,2,2,2,1,5,2,5,3,6,5,1,2,2,5,3,2,2,3,3,3,5,"COVID has led me to become less physically fit. I have lost nearly 10 pounds and quite a bit of stamina, strength, and endurance due to withdrawing from public exercise facilities.",3,6,5cba91f716ab74001672d747
328,R_4SMtTeBigRKHp0B,5ff7daa1dd81f74ce4e1810b,24,Male,Yes,White/Caucasian, ,Bachelor's degree,"$25,000 - 34,999",4,2,5,5,2,2,4,2,4,3,2,4,5,2,4,6,6,6,6,6,6,6,6,6,1,6,6,6,6,6,6,6,7,2,2,3,3,4,6,2,2,3,3,3,5,4,4,5,5,2,3,3,6,4,3,2,6,6,6,3,3,2,2,2,4,Work requires us to be tested three times per week.,3,8,5ff7daa1dd81f74ce4e1810b
765,R_1FFbd13XXH6rhry,5fe7da95957b611b25e210f5,21,Male,No,Asian, ,High school (or GED),"$75,000 - 84,999",4,2,5,3,2,4,2,1,5,4,1,2,5,2,5,6,6,6,7,6,7,6,6,7,7,7,7,7,5,6,6,6,3,3,3,3,5,5,2,6,2,6,3,5,6,5,2,5,3,2,5,6,5,3,6,5,5,6,2,4,3,6,5,5,6,I am currently experiencing mental instability due to COVID.,1,9,5fe7da95957b611b25e210f5
359,R_32JxbQBgPoUr6ZP,5a4a94fef7b7bc00014e1462,33,Male,Yes,White/Caucasian, ,High school (or GED),"$0 - 14,999",6,5,5,6,5,5,4,5,5,6,6,6,5,4,6,5,5,6,5,4,5,6,5,5,6,7,6,6,5,3,6,5,4,5,2,6,5,3,1,3,2,2,5,3,3,4,3,2,2,2,3,4,4,5,4,1,6,2,2,4,3,4,2,4,4,Having to wear a mask during work in my workplace it feels uncomfortable while working i dislike the mandatory facemask wear during these covid times.,0,9,5a4a94fef7b7bc00014e1462
526,R_W8XfHqS74R5dSjT,61096a61e5ad5243e520f84d,28,Male,No,White/Caucasian, ,Master's degree,"$45,000 - 54,999",5,2,4,3,1,4,3,4,4,4,2,4,5,1,4,7,7,7,7,6,7,7,7,7,7,7,7,7,7,5,7,7,6,3,2,4,7,5,5,3,4,4,2,3,5,3,2,4,5,2,3,3,3,3,3,5,2,3,2,2,2,2,2,2,2,My job has lifted the mask mandate and I am uncomfortable because cases are rising and the daily cases are still above the previously established limit for masks.,3,6,61096a61e5ad5243e520f84d
371,R_1jCgYuBwHZaPTNb,580bea98827ca10001db514e,53,Male, ,Black/African-American, ,Bachelor's degree,"$55,000 - 64,999",4,2,6,5,2,2,4,2,4,4,2,4,5,2,4,5,6,5,5,5,5,4,6,6,5,5,6,4,5,5,5,5,5,5,3,5,5,5,5,5,6,5,5,4,5,6,3,5,5,3,3,6,3,5,2,3,4,5,5,3,3,4,5,4,5,wanting to see an end to all this.,2,8,580bea98827ca10001db514e
407,R_1fkAWex6i86y3yD,61380e91fdd449e05017e8ac,20,Male,No,White/Caucasian, ,High school (or GED),"$85,000 +",4,5,5,5,4,5,5,2,2,4,2,4,4,2,4,5,6,6,7,4,5,6,5,5,6,5,6,6,5,2,5,6,5,6,5,3,5,5,4,3,5,5,5,6,3,5,5,2,2,2,7,5,2,3,4,5,2,3,2,5,1,2,2,2,5,I am taking online courses due to covid.,7,4,61380e91fdd449e05017e8ac
1422,R_2s6XZIAe1pnz8YM,6121b50526648de18d2e6d7e, ,Female,No,White/Caucasian, ,High school (or GED),"$25,000 - 34,999",4,1,5,5,1,4,2,1,3,5,1,3,4,1,6,6,7,7,7,7,7,7,7,7,6,7,7,7,5,7,6,6,4,1,5,4,3,1,5,4,3,1,3,4,5,2,1,4,1,3,2,2,6,5,7,1,7,7,4,4,3,2,5,1,7,I just had a newborn premature baby. And I'm very concerned for her health and safety. I had family come over and asked that they all take temperatures and make sure none of them had any symptoms. Unfortunately one of their children had contracted covid when he was here visiting my child. It was a very scary situation and I'm very glad that my baby did not get covid but I did not appreciate but he came over sick.,5,8,6121b50526648de18d2e6d7e
275,R_240OByO28Fy8Anb,5b6259be5256470001bd0c6d,35,Male,No,White/Caucasian, ,High school (or GED),"$35,000 - 44,999",4,2,5,5,2,6,4,4,5,5,3,5,5,2,5,7,5,5,5,5,5,6,5,5,3,6,5,6,6,3,5,5,2,6,3,2,3,6,6,3,2,3,5,5,5,5,3,3,5,2,3,5,2,2,2,3,3,4,6,3,2,3,5,6,5,Having to worry about mandatory vaccinations,0,10,5b6259be5256470001bd0c6d
437,R_1on06JsLV5fdFu2,60d64ec5cf4d757686ac4f14,19,Male,Yes,Unknown/Do not wish to answer, ,High school (or GED),"$45,000 - 54,999",4,2,4,3,1,4,4,4,3,3,4,3,4,2,5,5,4,3,4,4,3,5,4,3,4,5,4,5,5,5,4,6,3,5,4,4,5,5,4,5,3,5,4,4,5,3,4,6,4,4,5,5,3,4,4,3,4,5,3,4,4,5,2,4,5,"For traveling, we need to have a vaccination clearance, which we got just recently so we can be able to travel.",7,3,60d64ec5cf4d757686ac4f14
436,R_2PpOqlqN9XejMwn,5da3a4311dc4400014d57008,28,Male,No,White/Caucasian, ,Bachelor's degree,"$85,000 +",5,2,4,4,3,2,4,1,2,2,1,2,3,1,2,6,6,6,6,5,6,5,5,5,5,5,5,5,5,5,5,5,5,2,5,5,5,3,3,5,5,3,5,3,6,5,3,5,3,3,5,3,6,5,6,3,5,6,6,6,2,6,2,2,6,Covid was a government scheme to take out small business,0,10,5da3a4311dc4400014d57008
398,R_BSB81CFJtUrRl9D,5ec440983892d9311d31e762,24,Male,No,White/Caucasian, ,Bachelor's degree,"$85,000 +",5,5,5,4,4,5,5,4,5,5,5,6,5,4,6,6,6,7,6,5,7,7,7,7,7,7,7,6,7,2,6,7,5,1,6,4,3,2,6,3,2,4,4,3,4,5,2,5,4,2,3,7,6,3,3,4,2,4,5,2,2,2,3,2,5,I am still taking some remote classes,10,0,5ec440983892d9311d31e762
469,R_yIrj5SGWuZZOeNX,588908498fd7f00001d735f8,34,Male,No,White/Caucasian, ,High school (or GED),"$85,000 +",4,3,4,4,3,3,5,3,4,4,1,3,5,2,5,6,5,5,6,5,6,6,6,6,6,6,6,6,6,3,6,6,5,3,5,2,3,3,3,4,3,3,4,3,4,2,2,3,3,3,4,6,6,3,2,3,5,6,3,5,3,5,6,6,5,Our good friends/ neighbors got it for a week or so with Omicron.  We had to kind of keep our distance for the most part which kind of sucked.,1,4,588908498fd7f00001d735f8
404,R_1OZw78P0RwNt8w0,570fa0905edc8f000fe73c4a,24,Male,No,White/Caucasian, ,High school (or GED),"$0 - 14,999",4,1,2,1,1,4,3,1,2,1,2,2,4,1,4,7,7,7,7,7,7,7,7,7,7,7,7,7,7,6,7,6,4,4,3,3,6,5,4,5,3,3,4,4,3,5,3,2,5,2,2,3,5,5,1,3,2,3,6,1,1,3,4,5,3,I am currently recovering from my long-term relationship ending after my job was lost during the pandemic and income became a major issue.,4,10,570fa0905edc8f000fe73c4a
416,R_27Wskbp4X0AJuYH,55dc915b50a1f7001190ddb4,40,Male,No,White/Caucasian, ,Bachelor's degree,"$85,000 +",4,5,6,5,5,4,5,4,5,5,4,5,5,4,5,5,6,6,6,4,5,6,5,5,6,5,4,6,5,5,5,6,3,6,2,2,3,5,6,3,3,2,4,3,3,2,3,3,2,2,2,3,3,2,3,2,3,3,6,5,2,3,3,3,5,I have to wear a mask at stores,4,5,55dc915b50a1f7001190ddb4
361,R_77ZTiDqOeHGStNf,5e6560b5b402952e900827c5,47,Male,No,White/Caucasian, ,Bachelor's degree,"$85,000 +",5,2,5,5,2,4,5,5,4,4,4,4,4,2,5,7,7,7,7,7,7,5,7,7,7,7,7,6,6,6,7,7,2,6,2,2,6,2,6,3,2,2,4,3,5,3,2,2,2,3,3,4,4,3,6,3,5,7,2,6,3,3,2,2,4,I am still being forced to wear a mask in large democratic run cities when they have proven useless,1,10,5e6560b5b402952e900827c5
341,R_1IG9kAHPzRiwiYi,5ecde9a33086051849f0c86d,25,Male,No,Asian, ,Bachelor's degree,"$15,000 - 24,999",5,5,5,5,5,6,5,4,5,5,6,2,5,2,5,4,4,4,4,4,4,4,4,4,4,4,4,3,4,3,4,4,4,2,4,5,1,3,2,1,2,2,6,4,2,4,4,2,4,1,3,1,4,1,1,1,2,6,3,2,1,1,2,2,4,"Due to the COVID pandemic, my classes switched to virtual for more than a year until recently.",5,5,5ecde9a33086051849f0c86d
315,R_3RvYerARKIKuJp5,5f4e7311fe19f004679bd5c0,23,Male,No,White/Caucasian, ,High school (or GED),"$25,000 - 34,999",5,2,5,1,1,4,4,1,5,3,1,3,3,1,2,6,6,6,6,6,6,6,6,6,6,6,6,7,7,3,6,6,7,7,3,2,6,6,6,3,5,5,5,3,6,5,5,2,5,3,4,5,5,5,3,7,3,6,6,2,2,3,6,7,5,My college experience has been horribly ruined.,0,10,5f4e7311fe19f004679bd5c0
334,R_2yl5uByZp2GTBbS,5e167aa29195c6c5bd83b031,24,Male,No,White/Caucasian, ,Bachelor's degree,"$85,000 +",4,4,5,5,3,4,3,3,4,4,3,3,4,2,5,6,7,7,7,6,7,7,7,7,7,7,5,7,7,4,6,7,6,6,3,3,3,4,4,3,3,3,4,3,4,4,3,3,2,2,3,2,2,2,3,2,3,3,3,1,1,2,3,2,4,"The mask mandate in the state where I live has been dropped, but I prefer to wear my mask, even if my family doesn't understand my motivation to do so.",3,7,5e167aa29195c6c5bd83b031
279,R_XpTuoe3aVhRoyOt,5ef7763e27c8ea48ecb3f46b,25,Male,No,Asian, ,Bachelor's degree,"$75,000 - 84,999",6,4,4,4,3,4,2,2,4,5,1,4,4,1,4,6,6,6,6,2,6,6,6,7,7,7,7,7,3,6,6,6,2,3,6,2,2,2,2,2,2,2,6,2,5,6,6,6,5,1,3,5,1,7,5,1,3,7,5,7,2,1,5,6,7,Due to COVID I have had to change my workplace to my home and it is harder for me to focus during work and keep my full attention on work.,3,10,5ef7763e27c8ea48ecb3f46b
399,R_2QumQTRkqDU68hO,614996ea0d6f318ed4ff81e9,30,Male,No,White/Caucasian, ,High school (or GED),"$35,000 - 44,999",5,4,5,5,4,3,5,4,6,6,4,3,5,2,5,6,7,7,7,6,7,6,7,7,7,2,6,6,7,5,6,7,6,2,4,5,5,4,6,3,3,6,4,2,4,6,6,2,5,2,6,7,6,6,4,6,2,4,2,4,2,4,5,6,6,"I am currently only able to go for groceries on a specific day, instead of whenever I feel the need to because of Covid.",1,9,614996ea0d6f318ed4ff81e9
362,R_3MiG5YEAtaxz1lt,5c7135f1bd8e00000172fdf5,38,Male,No,White/Caucasian, ,High school (or GED),"$15,000 - 24,999",6,1,6,6,1,6,1,1,6,6,6,2,3,2,6,7,7,7,7,4,5,7,7,7,7,7,7,7,7,5,7,7,6,7,1,7,1,1,7,2,3,3,4,4,5,2,1,6,2,1,5,5,1,5,5,3,1,4,7,4,1,4,2,1,4,"Landlords want me to wear a mask when I'm walking in and out of the house, meanwhile they smoke cigarettes inside.",0,10,5c7135f1bd8e00000172fdf5
652,R_1Ia94U8xAMPFBPz,5a726e526fc3c60001f976bb,34,Male,No,White/Caucasian, ,Bachelor's degree,"$0 - 14,999",4,3,5,3,3,3,3,2,4,4,2,5,4,2,4,5,6,6,6,5,6,6,6,6,6,6,6,6,5,2,4,4,4,5,4,4,4,4,5,5,3,4,5,3,5,5,4,4,4,3,4,7,4,6,4,3,3,4,5,4,4,3,3,4,4,"I seem to have some very strange lingering effects in my sense of smell which I suspect is a post-Covid symptom, because the smell is so strange and particularly (chemical/metalic with things that do not actually smell that way, like onions), and its something I've seen described in several big news media articles on Covid and long term changes in sense of smell.",0,2,5a726e526fc3c60001f976bb
384,R_2f7IFhlV6knYMek,5d2ba2f01d8d93001ec26b9b,55,Male,No,White/Caucasian, ,High school (or GED),"$0 - 14,999",5,2,5,5,3,1,5,2,5,3,3,5,5,3,5,5,6,6,6,3,6,5,3,5,6,6,6,6,5,2,6,6,2,1,2,5,3,2,4,3,2,2,4,3,2,2,2,2,2,2,2,2,2,2,2,2,3,2,4,2,2,2,2,2,4,There are still a lot of people who will not mask up when they are among a lot of other people,0,10,5d2ba2f01d8d93001ec26b9b
423,R_1geDdkIxs7wSg67,5e3b6e5fc93d043936a0bf2d,26,Male,No,Asian, ,Bachelor's degree,"$55,000 - 64,999",4,1,4,4,1,3,4,3,5,5,3,4,5,2,4,6,6,6,6,6,7,6,6,6,6,6,6,6,6,4,6,6,5,6,4,4,4,4,5,3,6,3,6,4,6,6,4,2,2,3,6,6,5,2,6,5,2,3,4,6,2,4,3,4,7,I just came back from a trip to California and Florida with my family and some of the people in my party came back home and tested positive leaving me to quarantine and test.,3,5,5e3b6e5fc93d043936a0bf2d
689,R_R1Z4sbsnI3KoSCB,614e1599db14d8f3a5c1486a,42,Male,No,White/Caucasian, ,Bachelor's degree,"$85,000 +",5,2,5,5,2,5,5,2,5,3,5,5,5,3,5,6,6,6,6,3,6,6,6,6,6,6,6,6,6,6,6,6,5,5,5,3,5,3,5,4,3,2,5,3,3,2,2,3,3,3,4,5,3,3,3,1,2,3,2,5,2,3,3,3,5,I have been forced back into an office where no one is wearing a mask and after two years of isolation I have become quite resentful towards them.,0,9,614e1599db14d8f3a5c1486a
1941,R_yVA8BT7Ohn4kM6Z,5726570ef2a83f000f6aea6d,32,Male,No,Black/African-American, ,Bachelor's degree,"$25,000 - 34,999",5,2,5,5,2,5,4,2,5,4,4,4,5,2,5,6,6,6,6,2,6,6,6,6,6,6,6,6,6,4,4,4,5,6,4,6,6,6,5,3,3,3,5,2,6,6,4,3,5,3,4,4,4,4,4,7,5,4,6,4,2,2,5,4,5,Being stuck at home and not being able to find a job has been bad for my mental health.,0,9,5726570ef2a83f000f6aea6d
406,R_31KRoVBj9LPzSKy,58211fc787f6b90001f13f90,39,Male,No,White/Caucasian, ,Bachelor's degree,"$45,000 - 54,999",5,1,4,6,1,6,6,2,2,3,3,5,5,1,6,6,6,6,6,5,6,6,6,6,6,6,6,6,6,2,6,5,1,6,5,1,2,6,3,3,2,3,6,2,3,2,2,1,2,2,5,5,4,2,3,2,3,2,2,6,3,6,2,3,5,I feel that not enough people are taking COVID seriously and it will be a very long time before we're finally past this pandemic.,0,10,58211fc787f6b90001f13f90
851,R_Qo9eQczVwIuPDLH,5c4d5328889752000156a11d,49,Male,No,White/Caucasian, ,Bachelor's degree,"$35,000 - 44,999",3,2,5,3,1,1,2,2,4,4,1,2,2,1,4,7,7,7,7,6,7,7,6,7,7,7,4,7,7,4,7,6,4,4,5,2,3,2,4,4,7,2,2,4,5,5,2,6,2,3,4,3,4,3,2,5,4,6,5,3,4,4,6,4,3,"I am pretty careful about not interacting with people maskless for extended periods of time, but I sometimes feel awkward wearing a mask around because most everyone around me is not doing so and because I sometimes begin to think I'm being overly cautious. I recently wanted to verify my status after some ambiguous symptoms before a flight and went to two stores to find an antigen test. I was so relieved to test negative, and to do so again before my return flight. The anxiety of COVID is lesser for me than it once was (I am vaxxed and boosted), but it persists, and every so often I decide I need to learn more about the science and health issues related to all this.",5,4,5c4d5328889752000156a11d
512,R_6JoFZUptAheVmDL,5b666901f7798c000182c01c,37,Male,No,White/Caucasian, ,High school (or GED),"$0 - 14,999",5,4,4,4,4,4,2,5,5,5,4,4,5,2,4,7,6,6,7,5,7,6,7,7,5,6,7,7,7,5,7,7,5,1,4,5,3,4,4,4,6,4,4,2,5,4,4,1,4,3,6,4,5,4,7,5,4,3,4,6,1,3,5,2,7,I have gotten more money then I ever had before because of covid as the stimulus checks gave me alot of extra money because I invested a lot of my money using the stimulus checks,10,0,5b666901f7798c000182c01c
372,R_3FLOGwvCMXSd4Yo,5f525cd7d4ac644f3330116c,32,Male,No,White/Caucasian, ,High school (or GED),"$55,000 - 64,999",5,1,5,5,1,6,5,2,5,4,4,5,6,1,6,6,7,7,7,6,7,7,7,7,7,7,5,7,7,5,7,7,5,1,1,1,3,4,5,3,2,1,4,3,1,2,1,5,2,2,1,2,6,2,2,2,2,3,3,1,1,2,1,1,3,I never know depending where I am whether or not masks are expected.,0,6,5f525cd7d4ac644f3330116c
434,R_x3CL4qzUvWcJ7Pz,5ef263ec5c77a354b50f790c,23,Male,No,Asian, ,High school (or GED),"$55,000 - 64,999",5,1,6,6,1,2,5,1,5,4,1,2,5,1,4,7,6,6,6,6,7,7,7,7,7,6,7,6,6,6,7,6,6,7,3,2,6,3,4,5,2,3,5,6,6,6,6,5,5,2,5,7,6,3,5,3,5,6,5,2,5,5,7,4,7,Having to wear masks while attending classes at my college has affected me on a consistent basis since I go to class multiple times a week.,4,7,5ef263ec5c77a354b50f790c
424,R_b8gAW3HgTS4uv2F,612a5744ab67e0bc1b93dd8b,29,Other,No,White/Caucasian, ,Bachelor's degree,"$25,000 - 34,999",3,1,3,2,1,2,1,1,4,1,2,3,2,1,4,7,7,7,7,5,7,7,7,7,7,7,7,7,7,5,7,7,4,7,1,1,2,6,5,2,3,3,6,4,7,6,2,7,2,2,1,6,7,2,6,1,3,5,7,1,4,3,2,4,1,"Last time I was out grocery shopping, only about half of the people in the store, or less, wore masks, which made me want to get in and out of the store as quickly as possible.",0,7,612a5744ab67e0bc1b93dd8b
434,R_3pma633OxxfFjyg,5dede8853c276348edc21593,35,Male,No,White/Caucasian, ,Bachelor's degree,"$85,000 +",3,2,3,3,1,3,4,1,3,2,1,2,4,1,4,6,7,7,7,6,7,7,7,7,7,7,6,7,7,5,5,5,5,6,6,2,3,5,5,5,2,3,5,5,5,3,2,5,3,3,3,5,5,3,5,5,3,5,5,1,3,3,3,3,6,On a recent work trip we were told not to hold the traditional post work happy hour for our distributor partners due to concerns re Covid.,2,1,5dede8853c276348edc21593
464,R_4UgAufb4XHqgs6d,60601c6ec8d5333aec89ccb1,19,Male,Yes,White/Caucasian, ,High school (or GED),"$15,000 - 24,999",5,5,5,5,5,5,5,3,5,5,5,5,5,3,5,4,6,6,6,5,6,6,6,6,6,6,5,5,6,4,5,5,2,6,4,2,3,5,5,5,3,2,5,5,6,6,6,6,6,2,4,4,5,3,2,6,3,5,2,5,3,2,5,6,5,I am currently taking a week off from work due to a covid outbreak during my last shift.,3,6,60601c6ec8d5333aec89ccb1
600,R_VKzdCXfTKDtIw9P,598ba20f716a2c000187ce01,50,Male,No,Black/African-American, ,Bachelor's degree,"$75,000 - 84,999",4,1,5,5,1,4,4,2,5,4,2,3,5,2,6,6,6,6,5,4,7,6,6,6,6,5,5,4,6,3,6,5,4,2,5,4,4,2,2,3,3,3,2,3,4,2,2,3,2,2,3,4,5,4,5,2,3,4,3,5,2,4,5,5,6,I am seriously thinking of leaving my job because they are a face-to-face business and they are trying to continue operations through the pandemic.,4,7,598ba20f716a2c000187ce01
648,R_3P7C3uzZ1qpCHHE,5de96ccf7aeafe09d7e8a74a,53,Male,Yes,White/Caucasian, ,Bachelor's degree,"$15,000 - 24,999",4,2,4,5,3,5,3,4,4,5,4,5,5,3,4,6,5,5,5,4,6,6,6,6,5,6,5,5,5,3,6,5,4,2,4,3,2,5,3,2,1,2,4,3,4,4,3,4,3,2,5,5,3,2,5,2,4,4,3,3,2,3,4,2,4,I feel isolated at times where I am not living the life and freedom I once had.,1,9,5de96ccf7aeafe09d7e8a74a
608,R_3g6jqq9abFAAAZW,596fc4717008ef000109703d,29,Other,No,Asian, ,Master's degree,"$15,000 - 24,999",4,3,4,3,3,2,2,2,4,3,3,3,3,3,3,6,6,6,6,4,6,6,6,6,6,6,6,6,6,4,6,6,3,4,5,3,4,5,5,3,3,3,4,4,5,5,4,4,5,1,5,7,4,4,4,4,4,5,4,5,4,4,6,6,4,A covid related situation I am currently experiencing is getting a weekly covid test before coming to in person classes in school.,5,5,596fc4717008ef000109703d
371,R_ypE3X03Ie0EuP6x,5d90f542b2d022001792fee0,22,Male,Yes,Black/African-American, ,Bachelor's degree,"$55,000 - 64,999",4,5,5,4,5,4,4,5,6,5,5,4,4,5,4,6,6,5,5,4,5,6,5,5,6,6,4,6,6,3,6,5,1,2,2,3,2,4,1,2,3,3,5,1,6,5,6,4,6,2,6,5,2,2,3,4,1,4,2,4,2,2,5,5,5,One Covid related  situation am facing is that I have to wear mask to work everyday and wash my hands very often,6,5,5d90f542b2d022001792fee0
788,R_2WMQQpGtlfYR0WX,6026aaab6d051201e5e6adbc,44,Male,No,White/Caucasian, ,Master's degree,"$65,000 - 74,999",5,5,5,5,5,6,6,4,6,5,3,5,5,4,6,6,5,6,6,3,6,7,7,7,7,7,7,6,6,4,5,6,2,6,4,3,5,6,5,4,2,2,5,3,4,5,4,5,2,2,6,6,3,4,6,3,4,5,4,5,2,2,2,4,6,Ive had relatives die. it has been very stressfull.,1,10,6026aaab6d051201e5e6adbc
522,R_Y9TYXAdNdhSepTH,60e675dd684aa22250c64eeb,25,Male,No,White/Caucasian, ,High school (or GED),"$45,000 - 54,999",4,2,5,5,2,4,3,3,4,4,3,4,5,2,5,6,6,5,6,6,6,6,6,7,6,5,6,5,5,3,6,5,2,6,4,2,3,5,5,5,5,3,6,3,4,6,6,5,4,3,5,4,5,3,3,6,2,4,5,5,3,3,4,5,6,"A student in my sons class tested positive for covid a couple weeks ago after being in class until the day they tested positive, so we had to quarantine and school was closed for a week",4,9,60e675dd684aa22250c64eeb
476,R_26hwQ2fs308D2zV,5fecc7dba53c57e979fd4751,30,Male,No,White/Caucasian, ,High school (or GED),"$35,000 - 44,999",6,1,6,6,1,6,6,3,6,6,1,6,6,1,6,7,7,7,7,6,6,6,6,6,6,6,6,6,6,5,7,6,3,2,6,3,6,4,6,3,2,2,1,1,1,6,2,4,6,2,7,6,6,2,3,2,2,6,2,6,2,2,6,2,6,"I hate the fact that we have to wear masks in order for people to feel safe, it's a huge inconvenience in my life.",0,10,5fecc7dba53c57e979fd4751
1238,R_2c5xUw5XYxsi1TE,5f94a8e7fa8c422fc88940b0,29,Male,No,White/Caucasian, ,High school (or GED),"$35,000 - 44,999",4,1,5,4,1,4,4,3,2,2,2,2,4,1,2,5,6,6,6,5,6,6,6,6,6,6,5,6,6,6,6,6,5,5,3,6,5,3,2,4,5,3,4,3,3,3,2,2,1,2,3,4,5,3,5,1,4,5,3,4,3,3,3,3,4,"Because of COVID, it can still sometimes be stressful when I need to do things like grocery shopping. Even being fully vaccinated, it still does not make me feel fully safe from getting COVID or make me feel like I would fully be able to deal with it.",0,10,5f94a8e7fa8c422fc88940b0
1221,R_1JRPM6W3oBdrZzP,5de7fc0a75ce6e80152f80cf,40,Male,No,White/Caucasian, ,High school (or GED),"$25,000 - 34,999",4,2,5,5,2,3,3,4,5,4,2,3,5,2,5,5,6,6,5,5,5,5,5,6,6,6,5,6,6,6,6,6,5,3,3,2,3,2,5,3,5,3,5,3,3,5,5,3,3,3,3,3,5,3,3,3,3,5,3,3,2,3,5,5,5,I have gotten use to putting on a mask before going in any stores.,2,8,5de7fc0a75ce6e80152f80cf
2666,R_2cdUT7RTdInxKLP,5e0f443e8205266652153f5e,27,Female,Yes,Other (please specify),black latina mixed,Bachelor's degree,"$85,000 +",5,2,4,5,2,4,5,2,4,4,3,4,4,2,5,6,6,6,6,6,6,5,6,6,5,6,6,4,6,6,6,5,3,5,4,4,4,5,5,4,5,4,5,5,4,4,4,5,4,4,4,6,3,3,3,4,4,5,5,4,4,2,6,3,4,I find it stupid that they removed mask mandates in california. There is no point in removing mask mandates 'only' for the vaccinated when people who aren't vaccinated will remove masks as well.,0,10,5e0f443e8205266652153f5e
1838,R_1lbHMWMIM50ALQv,5e5731e3e1e8b90e25c1f3a2,40,Male,No,White/Caucasian, ,Bachelor's degree,"$85,000 +",6,6,6,6,6,6,6,6,6,6,6,6,6,6,6,1,1,1,1,7,1,7,1,1,7,1,1,7,1,7,1,7,1,1,2,3,5,1,1,2,1,3,1,1,1,1,1,1,1,1,1,1,1,1,1,1,1,1,1,1,1,1,1,1,1,The situation made all prices of many basic necessary items more expensive as inflation is here to stay.,0,10,5e5731e3e1e8b90e25c1f3a2
246,R_r0IEDUWizQK2CQN,5f46dbbbb035470b33b96506,23,Female,No,White/Caucasian, ,Bachelor's degree,"$45,000 - 54,999",3,2,3,3,2,4,3,4,4,4,5,3,4,4,4,5,5,4,4,3,4,4,5,5,5,4,4,4,3,4,5,4,4,3,5,2,5,3,6,3,3,3,4,3,5,5,5,4,5,4,4,5,3,4,3,4,4,5,4,4,4,3,3,4,5,I had to work from home for the past 2 weeks due to many coworkers testing postive,0,9,5f46dbbbb035470b33b96506
399,R_6GAFgd0p8QjMrm1,5e28e8730fd86a0a19e084cd,37,Male,No,White/Caucasian, ,High school (or GED),"$0 - 14,999",5,1,4,5,1,2,3,1,5,4,2,5,5,1,4,6,7,7,7,4,7,6,7,7,7,6,4,7,6,4,6,6,4,2,4,4,5,3,6,6,7,6,4,3,3,3,2,2,2,2,4,5,5,3,3,2,4,4,3,3,2,3,2,4,4,I got vaccinated.,5,0,5e28e8730fd86a0a19e084cd
601,R_2wojCu1duWoz9iQ,5f49f3262a3d07563d14a7f1,27,Male,No,White/Caucasian, ,Bachelor's degree,"$85,000 +",5,2,4,4,1,4,3,2,6,5,3,4,5,3,6,7,7,7,7,5,5,6,5,5,6,5,6,5,5,4,6,5,5,6,5,1,3,5,6,3,3,3,6,2,5,7,5,7,5,2,3,7,5,3,5,6,3,6,5,5,1,3,7,5,6,I am currently spending the majority of my time at home in my room due to the ongoing COVID pandemic.,6,8,5f49f3262a3d07563d14a7f1
